Date,Num_Employees,Num_Customers,Pct_On_Sale,TouristEvent,Sales,Num_Customers_Clean,Day_of_Week,Is_Weekend,Month,Quarter,Day_of_Year,Is_Black_Friday,Is_Memorial_Day,Is_Holiday,Holiday_Nearby,Is_Tourist_Event,Event_Nearby,Lag_Customers_1,Lag_Customers_7,Lag_Customers_14,Rolling_Mean_7,Rolling_Std_7,Rolling_Mean_30
2012-07-01,20,170,10.11,No,40669,170.0,7,1,7,3,183,0,0,0,0,0,0,,,,,,
2012-07-02,12,152,8.78,No,35360,152.0,1,0,7,3,184,0,0,0,0,0,0,170.0,,,,,
2012-07-03,10,185,9.09,No,40741,185.0,2,0,7,3,185,0,0,0,0,0,0,152.0,,,,,
2012-07-04,16,182,10.23,No,33871,182.0,3,0,7,3,186,0,0,0,0,0,0,185.0,,,,,
2012-07-05,19,155,9.95,No,36880,155.0,4,0,7,3,187,0,0,0,0,0,0,182.0,,,,,
2012-07-06,25,175,12.22,No,43441,175.0,5,0,7,3,188,0,0,0,0,0,0,155.0,,,,,
2012-07-07,24,261,8.55,No,47133,261.0,6,1,7,3,189,0,0,0,0,0,0,175.0,,,,,
2012-07-08,19,172,11.24,No,40165,172.0,7,1,7,3,190,0,0,0,0,0,0,261.0,170.0,,182.85714285714286,36.6670995645441,
2012-07-09,11,125,9.45,No,37262,125.0,1,0,7,3,191,0,0,0,0,0,0,172.0,152.0,,183.14285714285714,36.55784718054648,
2012-07-10,13,125,7.09,No,37718,125.0,2,0,7,3,192,0,0,0,0,0,0,125.0,185.0,,179.28571428571428,41.483789145939426,
2012-07-11,16,134,11.17,No,35429,134.0,3,0,7,3,193,0,0,0,0,0,0,125.0,182.0,,170.71428571428572,46.05328177127837,
2012-07-12,23,145,9.19,No,36206,145.0,4,0,7,3,194,0,0,0,0,0,0,134.0,155.0,,163.85714285714286,47.639019621274635,
2012-07-13,19,151,7.76,No,37865,151.0,5,0,7,3,195,0,0,0,0,0,0,145.0,175.0,,162.42857142857142,48.09662892849886,
2012-07-14,20,195,9.94,No,39216,195.0,6,1,7,3,196,0,0,0,0,0,0,151.0,261.0,,159.0,47.906158268013925,
2012-07-15,18,148,7.19,No,37190,148.0,7,1,7,3,197,0,0,0,0,0,0,195.0,172.0,170.0,149.57142857142858,25.947749695989295,
2012-07-16,14,127,9.76,No,42122,127.0,1,0,7,3,198,0,0,0,0,0,0,148.0,125.0,152.0,146.14285714285714,24.00297600596341,
2012-07-17,10,133,7.76,No,33963,133.0,2,0,7,3,199,0,0,0,0,0,0,127.0,125.0,185.0,146.42857142857142,23.719592062660897,
2012-07-18,12,139,6.46,No,35233,139.0,3,0,7,3,200,0,0,0,0,0,0,133.0,134.0,182.0,147.57142857142858,22.68521649927648,
2012-07-19,16,154,9.12,No,43886,154.0,4,0,7,3,201,0,0,0,0,0,0,139.0,145.0,155.0,148.28571428571428,22.261433659390107,
2012-07-20,22,154,8.61,No,42240,154.0,5,0,7,3,202,0,0,0,0,0,0,154.0,151.0,175.0,149.57142857142858,22.299903907544365,
2012-07-21,29,216,6.93,No,39429,216.0,6,1,7,3,203,0,0,0,0,0,0,154.0,195.0,261.0,150.0,22.360679774997855,
2012-07-22,18,156,6.22,No,43074,156.0,7,1,7,3,204,0,0,0,0,0,0,216.0,148.0,172.0,153.0,29.63106478005807,
2012-07-23,19,129,8.17,No,43286,129.0,1,0,7,3,205,0,0,0,0,0,0,156.0,127.0,125.0,154.14285714285714,29.560269346024597,
2012-07-24,20,129,6.92,No,34304,129.0,2,0,7,3,206,0,0,0,0,0,0,129.0,133.0,125.0,154.42857142857142,29.262360025905497,
2012-07-25,21,144,6.32,No,44173,144.0,3,0,7,3,207,0,0,0,0,0,0,129.0,139.0,134.0,153.85714285714286,29.784943463818344,
2012-07-26,17,147,11.09,No,34838,147.0,4,0,7,3,208,0,0,0,0,0,0,144.0,154.0,145.0,154.57142857142858,29.427068847446883,
2012-07-27,31,167,8.02,No,39265,167.0,5,0,7,3,209,0,0,0,0,0,0,147.0,154.0,151.0,153.57142857142858,29.568322818274837,
2012-07-28,26,211,10.03,No,50872,211.0,6,1,7,3,210,0,0,0,0,0,0,167.0,216.0,195.0,155.42857142857142,30.004761526892896,
2012-07-29,15,149,9.97,No,47784,149.0,7,1,7,3,211,0,0,0,0,0,0,211.0,156.0,148.0,154.71428571428572,28.33557414108209,
2012-07-30,12,126,6.04,No,42671,126.0,1,0,7,3,212,0,0,0,0,0,0,149.0,129.0,127.0,153.71428571428572,28.406069103358178,
2012-07-31,12,120,8.03,No,30718,120.0,2,0,7,3,213,0,0,0,0,0,0,126.0,129.0,133.0,153.28571428571428,28.860089429950833,158.53333333333333
2012-08-01,16,153,8.06,No,36406,153.0,3,0,8,3,214,0,0,0,0,0,0,120.0,144.0,139.0,152.0,30.287511177601427,156.86666666666667
2012-08-02,17,155,9.89,No,36633,155.0,4,0,8,3,215,0,0,0,0,0,0,153.0,147.0,154.0,153.28571428571428,30.08163496063271,156.9
2012-08-03,21,161,11.75,No,39509,161.0,5,0,8,3,216,0,0,0,0,0,0,155.0,167.0,154.0,154.42857142857142,29.954727745144208,155.9
2012-08-04,15,217,8.42,No,43499,217.0,6,1,8,3,217,0,0,0,0,0,0,161.0,211.0,216.0,153.57142857142858,29.619009340045665,155.2
2012-08-05,29,170,9.86,No,42099,170.0,7,1,8,3,218,0,0,0,0,0,0,217.0,149.0,156.0,154.42857142857142,31.579830814710075,157.26666666666668
2012-08-06,13,120,10.99,No,42310,120.0,1,0,8,3,219,0,0,0,0,0,0,170.0,126.0,129.0,157.42857142857142,31.973203065781693,157.1
2012-08-07,9,120,8.85,No,39751,120.0,2,0,8,3,220,0,0,0,0,0,0,120.0,120.0,129.0,156.57142857142858,33.01947477301406,152.4
2012-08-08,14,143,10.25,No,34594,143.0,3,0,8,3,221,0,0,0,0,0,0,120.0,153.0,144.0,156.57142857142858,33.01947477301406,150.66666666666666
2012-08-09,20,132,8.84,No,38389,132.0,4,0,8,3,222,0,0,0,0,0,0,143.0,155.0,147.0,155.14285714285714,33.41371261138439,151.26666666666668
2012-08-10,26,175,13.99,No,45335,175.0,5,0,8,3,223,0,0,0,0,0,0,132.0,161.0,167.0,151.85714285714286,34.54190002218835,151.5
2012-08-11,17,201,11.72,No,49045,201.0,6,1,8,3,224,0,0,0,0,0,0,175.0,217.0,211.0,153.85714285714286,35.55009878761973,152.86666666666667
2012-08-12,21,172,8.52,No,41026,172.0,7,1,8,3,225,0,0,0,0,0,0,201.0,170.0,149.0,151.57142857142858,31.042213961298668,154.73333333333332
2012-08-13,11,125,10.4,No,44224,125.0,1,0,8,3,226,0,0,0,0,0,0,172.0,120.0,126.0,151.85714285714286,31.248619017105202,155.43333333333334
2012-08-14,15,119,8.58,No,34561,119.0,2,0,8,3,227,0,0,0,0,0,0,125.0,120.0,120.0,152.57142857142858,30.44589267787002,153.1
2012-08-15,18,125,9.12,No,35221,125.0,3,0,8,3,228,0,0,0,0,0,0,119.0,143.0,153.0,152.42857142857142,30.626008243850183,152.13333333333333
2012-08-16,32,174,8.38,No,54077,174.0,4,0,8,3,229,0,0,0,0,0,0,125.0,132.0,155.0,149.85714285714286,32.26157968558766,152.06666666666666
2012-08-17,20,165,9.39,No,37241,165.0,5,0,8,3,230,0,0,0,0,0,0,174.0,175.0,161.0,155.85714285714286,32.29256143153593,153.43333333333334
2012-08-18,23,198,7.01,No,40656,198.0,6,1,8,3,231,0,0,0,0,0,0,165.0,201.0,217.0,154.42857142857142,31.516435621524728,154.3
2012-08-19,25,151,9.62,No,44702,151.0,7,1,8,3,232,0,0,0,0,0,0,198.0,172.0,170.0,154.0,30.789608636681283,155.76666666666668
2012-08-20,21,99,8.9,No,44339,99.0,1,0,8,3,233,0,0,0,0,0,0,151.0,125.0,120.0,151.0,29.748949561287017,155.66666666666666
2012-08-21,9,116,10.95,No,37333,116.0,2,0,8,3,234,0,0,0,0,0,0,99.0,119.0,120.0,147.28571428571428,34.740534853464204,151.76666666666668
2012-08-22,14,116,11.22,No,36936,116.0,3,0,8,3,235,0,0,0,0,0,0,116.0,125.0,143.0,146.85714285714286,35.16356339275344,150.43333333333334
2012-08-23,29,131,7.89,No,32440,131.0,4,0,8,3,236,0,0,0,0,0,0,116.0,174.0,132.0,145.57142857142858,36.243882899312084,150.0
2012-08-24,26,177,12.61,No,43856,177.0,5,0,8,3,237,0,0,0,0,0,0,131.0,165.0,175.0,139.42857142857142,34.20943896479032,150.06666666666666
2012-08-25,31,237,9.5,No,41578,237.0,6,1,8,3,238,0,0,0,0,0,0,177.0,198.0,201.0,141.14285714285714,35.960295565287794,151.16666666666666
2012-08-26,21,168,14.5,No,37605,168.0,7,1,8,3,239,0,0,0,0,0,0,237.0,151.0,172.0,146.71428571428572,47.42964714786973,154.16666666666666
2012-08-27,9,113,9.12,No,39517,113.0,1,0,8,3,240,0,0,0,0,0,0,168.0,99.0,125.0,149.14285714285714,48.11593142757246,154.2
2012-08-28,10,113,10.45,No,34096,113.0,2,0,8,3,241,0,0,0,0,0,0,113.0,116.0,119.0,151.14285714285714,45.92540535632599,150.93333333333334
2012-08-29,15,96,10.64,No,43255,96.0,3,0,8,3,242,0,0,0,0,0,0,113.0,116.0,125.0,150.71428571428572,46.320313347077295,149.73333333333332
2012-08-30,22,98,9.9,No,39801,98.0,4,0,8,3,243,0,0,0,0,0,0,96.0,131.0,174.0,147.85714285714286,49.3370333232842,148.73333333333332
2012-08-31,31,150,8.99,No,48063,150.0,5,0,8,3,244,0,0,0,0,0,0,98.0,177.0,165.0,143.14285714285714,52.6796246868071,148.0
2012-09-01,27,236,12.55,No,42480,236.0,6,1,9,3,245,0,0,0,0,0,0,150.0,237.0,198.0,139.28571428571428,50.74023480997529,147.9
2012-09-02,27,205,10.62,No,41413,205.0,7,1,9,3,246,0,0,0,1,0,0,236.0,168.0,151.0,139.14285714285714,50.419667364460636,150.6
2012-09-03,12,207,9.58,No,53051,207.0,1,0,9,3,247,0,0,1,0,0,0,205.0,113.0,99.0,144.42857142857142,55.620311466397304,152.06666666666666
2012-09-04,18,81,7.91,No,34523,81.0,2,0,9,3,248,0,0,0,1,0,0,207.0,113.0,116.0,157.85714285714286,58.06154370271992,151.73333333333332
2012-09-05,18,75,7.92,No,36234,75.0,3,0,9,3,249,0,0,0,0,0,0,81.0,96.0,116.0,153.28571428571428,63.21316921263133,148.76666666666668
2012-09-06,24,100,6.73,No,44362,100.0,4,0,9,3,250,0,0,0,0,0,0,75.0,98.0,131.0,150.28571428571428,66.78251838546343,147.26666666666668
2012-09-07,24,115,7.28,No,37721,115.0,5,0,9,3,251,0,0,0,0,0,0,100.0,150.0,177.0,150.57142857142858,66.52532636236403,146.6
2012-09-08,17,155,6.63,No,44614,155.0,6,1,9,3,252,0,0,0,0,0,0,115.0,236.0,237.0,145.57142857142858,67.87698957883823,145.66666666666666
2012-09-09,22,123,6.37,No,43165,123.0,7,1,9,3,253,0,0,0,0,0,1,155.0,205.0,168.0,134.0,55.70457790882182,146.43333333333334
2012-09-10,33,281,8.01,Yes,47905,281.0,1,0,9,3,254,0,0,0,0,1,1,123.0,207.0,113.0,122.28571428571429,46.07499063380005,144.7
2012-09-11,36,321,5.74,Yes,67441,321.0,2,0,9,3,255,0,0,0,0,1,1,281.0,81.0,113.0,132.85714285714286,70.6739663794917,147.36666666666667
2012-09-12,28,312,8.36,Yes,52790,312.0,3,0,9,3,256,0,0,0,0,1,1,321.0,75.0,96.0,167.14285714285714,95.26179467031642,152.33333333333334
2012-09-13,23,106,8.91,No,43510,106.0,4,0,9,3,257,0,0,0,0,0,1,312.0,100.0,98.0,201.0,99.09423124817441,158.56666666666666
2012-09-14,24,117,8.16,No,35836,117.0,5,0,9,3,258,0,0,0,0,0,0,106.0,115.0,150.0,201.85714285714286,98.0959200161226,158.13333333333333
2012-09-15,30,169,9.23,No,48921,169.0,6,1,9,3,259,0,0,0,0,0,0,117.0,155.0,236.0,202.14285714285714,97.8032524534649,157.86666666666667
2012-09-16,20,123,6.91,No,38582,123.0,7,1,9,3,260,0,0,0,0,0,0,169.0,123.0,205.0,204.14285714285714,96.81671441686187,157.7
2012-09-17,11,83,5.67,No,39150,83.0,1,0,9,3,261,0,0,0,0,0,0,123.0,281.0,207.0,204.14285714285714,96.81671441686187,156.3
2012-09-18,11,74,8.13,No,37869,74.0,2,0,9,3,262,0,0,0,0,0,0,83.0,321.0,81.0,175.85714285714286,99.50616157040824,152.46666666666667
2012-09-19,17,74,5.91,No,36245,74.0,3,0,9,3,263,0,0,0,0,0,0,74.0,312.0,75.0,140.57142857142858,81.65140770955745,149.9
2012-09-20,34,103,9.22,No,34681,103.0,4,0,9,3,264,0,0,0,0,0,0,74.0,106.0,100.0,106.57142857142857,34.04338968070561,149.06666666666666
2012-09-21,26,125,9.3,No,39210,125.0,5,0,9,3,265,0,0,0,0,0,0,103.0,117.0,115.0,106.14285714285714,34.070654877908,148.63333333333333
2012-09-22,28,200,6.58,No,41146,200.0,6,1,9,3,266,0,0,0,0,0,0,125.0,169.0,155.0,107.28571428571429,34.625204142427144,148.93333333333334
2012-09-23,30,145,10.18,No,35787,145.0,7,1,9,3,267,0,0,0,0,0,0,200.0,123.0,123.0,111.71428571428571,44.42864798645975,151.23333333333332
2012-09-24,13,80,9.5,No,36780,80.0,1,0,9,3,268,0,0,0,0,0,0,145.0,83.0,281.0,114.85714285714286,46.1065019689145,150.16666666666666
2012-09-25,14,71,8.01,No,38106,71.0,2,0,9,3,269,0,0,0,0,0,0,80.0,74.0,321.0,114.42857142857143,46.46452820111675,144.93333333333334
2012-09-26,20,80,11.51,No,35168,80.0,3,0,9,3,270,0,0,0,0,0,0,71.0,74.0,312.0,114.0,46.911263750475314,141.7
2012-09-27,23,88,6.6,No,33661,88.0,4,0,9,3,271,0,0,0,0,0,0,80.0,103.0,106.0,114.85714285714286,46.1065019689145,140.6
2012-09-28,27,122,9.65,No,35259,122.0,5,0,9,3,272,0,0,0,0,0,0,88.0,125.0,117.0,112.71428571428571,47.08755775401914,139.76666666666668
2012-09-29,27,196,8.91,No,50016,196.0,6,1,9,3,273,0,0,0,0,0,0,122.0,200.0,169.0,112.28571428571429,46.970608844660376,140.63333333333333
2012-09-30,22,122,10.59,No,38171,122.0,7,1,9,3,274,0,0,0,0,0,0,196.0,145.0,123.0,111.71428571428571,45.73370123411641,143.9
2012-10-01,9,68,9.54,No,33965,68.0,1,0,10,4,275,0,0,0,0,0,0,122.0,80.0,83.0,108.42857142857143,43.72587770362504,142.96666666666667
2012-10-02,14,82,6.89,No,44245,82.0,2,0,10,4,276,0,0,0,0,0,0,68.0,71.0,74.0,106.71428571428571,45.23536332603163,137.36666666666667
2012-10-03,16,77,6.98,No,36227,77.0,3,0,10,4,277,0,0,0,0,0,0,82.0,80.0,74.0,108.28571428571429,43.96102169617332,133.26666666666668
2012-10-04,21,102,11.44,No,40053,102.0,4,0,10,4,278,0,0,0,0,0,0,77.0,88.0,103.0,107.85714285714286,44.2960817357794,128.93333333333334
2012-10-05,27,124,9.54,No,32449,124.0,5,0,10,4,279,0,0,0,0,0,1,102.0,122.0,125.0,109.85714285714286,43.56002973456496,129.63333333333333
2012-10-06,62,820,8.65,Yes,114885,659.22,6,1,10,4,280,0,0,0,0,1,1,124.0,196.0,200.0,110.14285714285714,43.65939597776004,131.26666666666668
2012-10-07,54,532,9.65,Yes,78397,532.0,7,1,10,4,281,0,0,0,1,1,1,659.22,122.0,145.0,176.31714285714287,214.04744970171808,149.90733333333336
2012-10-08,33,331,11.19,Yes,54465,331.0,1,0,10,4,282,0,0,1,0,1,1,532.0,68.0,80.0,234.88857142857142,249.81443829561252,163.80733333333333
2012-10-09,18,68,8.31,No,35868,68.0,2,0,10,4,283,0,0,0,1,0,1,331.0,82.0,71.0,272.46,240.12074990165542,169.674
2012-10-10,17,70,10.69,No,33957,70.0,3,0,10,4,284,0,0,0,0,0,0,68.0,77.0,80.0,270.46,242.0222879543673,167.84066666666666
2012-10-11,20,99,7.82,No,37253,99.0,4,0,10,4,285,0,0,0,0,0,0,70.0,102.0,88.0,269.46,242.96747628712234,160.80733333333333
2012-10-12,25,155,10.59,No,41685,155.0,5,0,10,4,286,0,0,0,0,0,0,99.0,124.0,122.0,269.0314285714286,243.31448836355608,153.40733333333336
2012-10-13,27,211,10.7,No,55157,211.0,6,1,10,4,287,0,0,0,0,0,0,155.0,659.22,196.0,273.46,240.50066084455295,148.174
2012-10-14,23,149,7.11,No,45905,149.0,7,1,10,4,288,0,0,0,0,0,0,211.0,532.0,122.0,209.42857142857142,170.01652580740216,151.674
2012-10-15,16,76,11.18,No,34668,76.0,1,0,10,4,289,0,0,0,0,0,0,149.0,331.0,68.0,154.71428571428572,93.16421753318927,152.74066666666667
2012-10-16,20,90,7.32,No,37773,90.0,2,0,10,4,290,0,0,0,0,0,0,76.0,68.0,82.0,118.28571428571429,54.63123125622741,149.64066666666668
2012-10-17,13,81,6.29,No,32077,81.0,3,0,10,4,291,0,0,0,0,0,0,90.0,70.0,77.0,121.42857142857143,51.816526137443375,148.54066666666668
2012-10-18,36,96,12.7,No,39300,96.0,4,0,10,4,292,0,0,0,0,0,0,81.0,99.0,102.0,123.0,50.136480397676884,148.47400000000002
2012-10-19,38,134,14.56,No,46434,134.0,5,0,10,4,293,0,0,0,0,0,0,96.0,155.0,124.0,122.57142857142857,50.38801822807038,149.20733333333334
2012-10-20,39,253,15.15,No,52463,253.0,6,1,10,4,294,0,0,0,0,0,0,134.0,211.0,659.22,119.57142857142857,48.73348316047553,151.20733333333334
2012-10-21,23,154,12.78,No,50927,154.0,7,1,10,4,295,0,0,0,0,0,0,253.0,149.0,532.0,125.57142857142857,62.505618795051966,156.20733333333334
2012-10-22,14,76,7.05,No,37452,76.0,1,0,10,4,296,0,0,0,0,0,0,154.0,76.0,331.0,126.28571428571429,62.84561582617678,157.174
2012-10-23,19,93,9.16,No,40508,93.0,2,0,10,4,297,0,0,0,0,0,0,76.0,90.0,68.0,126.28571428571429,62.84561582617678,153.04066666666668
2012-10-24,21,104,7.64,No,40354,104.0,3,0,10,4,298,0,0,0,0,0,0,93.0,81.0,70.0,126.71428571428571,62.566536012243816,151.30733333333333
2012-10-25,25,98,6.48,No,53853,98.0,4,0,10,4,299,0,0,0,0,0,0,104.0,96.0,99.0,130.0,60.329649979646334,152.10733333333334
2012-10-26,38,126,8.03,No,55673,126.0,5,0,10,4,300,0,0,0,0,0,0,98.0,134.0,155.0,130.28571428571428,60.14625032844029,153.00733333333335
2012-10-27,29,154,10.82,No,45241,154.0,6,1,10,4,301,0,0,0,0,0,0,126.0,253.0,211.0,129.14285714285714,60.1399162271573,154.54066666666668
2012-10-28,32,112,8.86,No,49978,112.0,7,1,10,4,302,0,0,0,0,0,0,154.0,154.0,149.0,115.0,30.49043565885271,156.74066666666667
2012-10-29,14,70,10.15,No,47304,70.0,1,0,10,4,303,0,0,0,0,0,0,112.0,76.0,76.0,109.0,25.212430796466954,156.40733333333336
2012-10-30,15,81,5.84,No,38894,81.0,2,0,10,4,304,0,0,0,0,0,0,70.0,93.0,90.0,108.14285714285714,26.58588956212472,152.20733333333334
2012-10-31,17,101,6.45,No,50197,101.0,3,0,10,4,305,0,0,0,0,0,0,81.0,104.0,81.0,106.42857142857143,28.070489503254997,150.84066666666666
2012-11-01,17,97,10.68,No,48835,97.0,4,0,11,4,306,0,0,0,0,0,0,101.0,98.0,96.0,106.0,28.136571693556316,151.9406666666667
2012-11-02,32,150,5.66,No,38227,150.0,5,0,11,4,307,0,0,0,0,0,0,97.0,126.0,134.0,105.85714285714286,28.186454024516074,152.4406666666667
2012-11-03,26,212,6.61,No,65925,212.0,6,1,11,4,308,0,0,0,0,0,0,150.0,154.0,253.0,109.28571428571429,32.21652932742338,154.874
2012-11-04,28,158,10.07,No,52522,158.0,7,1,11,4,309,0,0,0,0,0,0,212.0,112.0,154.0,117.57142857142857,48.81549324704557,158.54066666666668
2012-11-05,10,75,8.91,No,47155,75.0,1,0,11,4,310,0,0,0,0,0,0,158.0,70.0,76.0,124.14285714285714,50.98832732900244,159.674
2012-11-06,20,75,9.92,No,46734,75.0,2,0,11,4,311,0,0,0,0,0,0,75.0,81.0,93.0,124.85714285714286,50.13125628929351,140.2
2012-11-07,23,86,10.95,No,45575,86.0,3,0,11,4,312,0,0,0,0,0,0,75.0,101.0,104.0,124.0,51.048996072400605,124.96666666666667
2012-11-08,29,100,6.77,No,40855,100.0,4,0,11,4,313,0,0,0,0,0,0,86.0,97.0,98.0,121.85714285714286,52.470399818781914,116.8
2012-11-09,34,144,8.58,No,59062,144.0,5,0,11,4,314,0,0,0,0,0,1,100.0,150.0,126.0,122.28571428571429,52.24530054054049,117.86666666666666
2012-11-10,79,857,10.55,Yes,116394,659.22,6,1,11,4,315,0,0,0,0,1,1,144.0,212.0,154.0,121.42857142857143,51.76181714628734,120.33333333333333
2012-11-11,80,654,8.17,Yes,82584,654.0,7,1,11,4,316,0,0,0,1,1,1,659.22,158.0,112.0,185.31714285714287,211.54979884291117,139.00733333333332
2012-11-12,53,576,9.44,Yes,103290,576.0,1,0,11,4,317,0,0,1,0,1,1,654.0,75.0,70.0,256.1742857142857,274.557873611202,155.64066666666665
2012-11-13,13,86,6.69,No,42996,86.0,2,0,11,4,318,0,0,0,1,0,1,576.0,75.0,81.0,327.7457142857143,284.57548376819955,167.8073333333333
2012-11-14,20,92,8.24,No,41537,92.0,3,0,11,4,319,0,0,0,0,0,0,86.0,86.0,101.0,329.31714285714287,282.9730683130043,165.7073333333333
2012-11-15,22,111,11.08,No,47359,111.0,4,0,11,4,320,0,0,0,0,0,0,92.0,100.0,97.0,330.17428571428576,282.12101297476016,166.24066666666664
2012-11-16,50,163,15.05,No,43261,163.0,5,0,11,4,321,0,0,0,0,0,0,111.0,144.0,150.0,331.7457142857143,280.6520609139333,166.94066666666666
2012-11-17,49,290,19.94,No,80397,290.0,6,1,11,4,322,0,0,0,0,0,0,163.0,659.22,212.0,334.46000000000004,278.61818772889427,169.67399999999998
2012-11-18,49,213,14.94,No,58634,213.0,7,1,11,4,323,0,0,0,0,0,0,290.0,654.0,158.0,281.7142857142857,239.02629861287534,176.14066666666665
2012-11-19,19,144,8.84,No,59036,144.0,1,0,11,4,324,0,0,0,0,0,0,213.0,576.0,75.0,218.71428571428572,173.75434218623553,178.77399999999997
2012-11-20,24,149,14.76,No,43151,149.0,2,0,11,4,325,0,0,0,0,0,0,144.0,86.0,75.0,157.0,73.4982993000517,175.14066666666665
2012-11-21,30,163,14.15,No,57208,163.0,3,0,11,4,326,0,0,0,0,0,0,149.0,92.0,86.0,166.0,66.91786009728632,174.974
2012-11-22,13,237,15.17,No,46675,237.0,4,0,11,4,327,0,0,0,0,0,0,163.0,111.0,100.0,176.14285714285714,58.70953520348728,177.87399999999997
2012-11-23,83,1088,15.88,No,171345,659.22,5,0,11,4,328,1,0,0,0,0,0,237.0,163.0,144.0,194.14285714285714,54.57847124837336,182.67399999999998
2012-11-24,48,297,16.39,No,71030,297.0,6,1,11,4,329,0,0,0,0,0,0,659.22,290.0,659.22,265.0314285714286,181.6697560069344,201.18133333333333
2012-11-25,35,223,17.48,No,52077,223.0,7,1,11,4,330,0,0,0,0,0,0,297.0,213.0,654.0,266.0314285714286,181.84927893070972,207.81466666666665
2012-11-26,15,88,14.55,No,48822,88.0,1,0,11,4,331,0,0,0,0,0,0,223.0,144.0,576.0,267.46,181.4019694858172,211.04799999999997
2012-11-27,19,83,10.65,No,53724,83.0,2,0,11,4,332,0,0,0,0,0,0,88.0,149.0,86.0,259.46,188.83659920682757,208.84799999999998
2012-11-28,15,96,11.24,No,61901,96.0,3,0,11,4,333,0,0,0,0,0,0,83.0,163.0,92.0,250.03142857142856,196.7528066236559,207.88133333333332
2012-11-29,32,96,10.39,No,60584,96.0,4,0,11,4,334,0,0,0,0,0,0,96.0,237.0,111.0,240.46,203.2157831796865,208.748
2012-11-30,39,124,15.86,No,66716,124.0,5,0,11,4,335,0,0,0,0,0,0,96.0,659.22,163.0,220.31714285714287,210.47426776324988,209.248
2012-12-01,30,269,11.0,No,76409,269.0,6,1,12,4,336,0,0,0,0,0,0,124.0,297.0,290.0,143.85714285714286,83.18138528025872,210.01466666666664
2012-12-02,30,189,11.39,No,80560,189.0,7,1,12,4,337,0,0,0,0,0,0,269.0,223.0,213.0,139.85714285714286,74.84523714846195,215.748
2012-12-03,18,93,14.78,No,64383,93.0,1,0,12,4,338,0,0,0,0,0,0,189.0,88.0,144.0,135.0,69.45982051997147,217.04799999999997
2012-12-04,9,99,17.07,No,54377,99.0,2,0,12,4,339,0,0,0,0,0,0,93.0,83.0,149.0,135.71428571428572,68.91955282722564,213.08133333333333
2012-12-05,13,120,15.82,No,69302,120.0,3,0,12,4,340,0,0,0,0,0,0,99.0,96.0,163.0,138.0,67.12177987310316,211.11466666666666
2012-12-06,19,126,14.3,No,62347,126.0,4,0,12,4,341,0,0,0,0,0,0,120.0,96.0,237.0,141.42857142857142,65.2044403980207,212.61466666666666
2012-12-07,30,161,13.25,No,81766,161.0,5,0,12,4,342,0,0,0,0,0,0,126.0,124.0,659.22,145.71428571428572,62.65704080073323,214.31466666666665
2012-12-08,25,243,10.55,No,73663,243.0,6,1,12,4,343,0,0,0,0,0,0,161.0,269.0,297.0,151.0,62.07790804035406,216.81466666666665
2012-12-09,28,256,17.63,No,71624,256.0,7,1,12,4,344,0,0,0,0,0,0,243.0,189.0,223.0,147.28571428571428,54.10703677500198,221.58133333333333
2012-12-10,17,112,12.72,No,56252,112.0,1,0,12,4,345,0,0,0,0,0,0,256.0,93.0,88.0,156.85714285714286,67.0855885453514,225.31466666666665
2012-12-11,14,126,13.02,No,69250,126.0,2,0,12,4,346,0,0,0,0,0,0,112.0,99.0,83.0,159.57142857142858,64.40201120787333,207.07399999999998
2012-12-12,17,144,13.36,No,64184,144.0,3,0,12,4,347,0,0,0,0,0,0,126.0,120.0,96.0,163.42857142857142,60.88200922784203,189.474
2012-12-13,23,139,11.2,No,73069,139.0,4,0,12,4,348,0,0,0,0,0,0,144.0,126.0,96.0,166.85714285714286,58.664096264036885,175.07399999999998
2012-12-14,29,177,19.22,No,72654,177.0,5,0,12,4,349,0,0,0,0,0,0,139.0,161.0,124.0,168.71428571428572,57.346067245901224,176.84066666666664
2012-12-15,29,356,18.86,No,81759,356.0,6,1,12,4,350,0,0,0,0,0,0,177.0,243.0,269.0,171.0,57.306195127577595,179.67399999999998
2012-12-16,21,288,18.74,No,81381,288.0,7,1,12,4,351,0,0,0,0,0,0,356.0,256.0,189.0,187.14285714285714,88.43157160846381,187.84066666666664
2012-12-17,14,207,18.15,No,77255,207.0,1,0,12,4,352,0,0,0,0,0,0,288.0,112.0,93.0,191.71428571428572,93.27864043769489,192.00733333333332
2012-12-18,18,201,14.8,No,64461,201.0,2,0,12,4,353,0,0,0,0,0,0,207.0,126.0,99.0,205.28571428571428,86.40546719915802,189.24066666666664
2012-12-19,18,261,19.56,No,74585,261.0,3,0,12,4,354,0,0,0,0,0,0,201.0,144.0,120.0,216.0,79.29270668436884,188.84066666666664
2012-12-20,30,261,17.01,No,76553,261.0,4,0,12,4,355,0,0,0,0,0,0,261.0,139.0,126.0,232.71428571428572,73.72180655616617,192.74066666666664
2012-12-21,36,314,18.78,No,68743,314.0,5,0,12,4,356,0,0,0,0,0,0,261.0,177.0,161.0,250.14285714285714,61.23840998215817,196.474
2012-12-22,42,466,20.65,No,88382,466.0,6,1,12,4,357,0,0,0,0,0,0,314.0,356.0,243.0,269.7142857142857,55.59890372334814,201.50733333333332
2012-12-23,40,466,17.99,No,79196,466.0,7,1,12,4,358,0,0,0,0,0,0,466.0,288.0,256.0,285.42857142857144,89.3510998679876,209.14066666666665
2012-12-24,18,217,22.1,No,71162,217.0,1,0,12,4,359,0,0,0,0,0,0,466.0,207.0,112.0,310.85714285714283,112.52766855523242,202.7
2012-12-25,0,0,0.0,No,0,0.0,2,0,12,4,360,0,0,0,0,0,0,217.0,201.0,126.0,312.2857142857143,111.04310617310506,200.03333333333333
2012-12-26,23,452,19.36,No,74881,452.0,3,0,12,4,361,0,0,0,0,0,0,0.0,261.0,144.0,283.57142857142856,159.86958971075694,192.6
2012-12-27,28,260,20.14,No,63853,260.0,4,0,12,4,362,0,0,0,0,0,0,452.0,261.0,139.0,310.85714285714283,171.26823851435378,204.73333333333332
2012-12-28,29,265,12.56,No,74461,265.0,5,0,12,4,363,0,0,0,0,0,0,260.0,314.0,177.0,310.7142857142857,171.31716618182628,210.63333333333333
2012-12-29,24,302,13.06,No,76098,302.0,6,1,12,4,364,0,0,0,0,0,0,265.0,466.0,356.0,303.7142857142857,172.15953288129245,216.26666666666668
2012-12-30,26,288,17.81,No,48917,288.0,7,1,12,4,365,0,0,0,0,0,0,302.0,466.0,288.0,280.2857142857143,156.8743810460187,223.13333333333333
2012-12-31,18,243,13.9,No,62693,243.0,1,0,12,4,366,0,0,0,1,0,0,288.0,217.0,207.0,254.85714285714286,134.59869807620564,228.6
2013-01-01,18,140,18.43,No,48973,140.0,2,0,1,1,1,0,0,1,0,0,0,243.0,0.0,201.0,258.57142857142856,133.7358804296205,227.73333333333332
2013-01-02,15,186,13.89,No,47743,186.0,3,0,1,1,2,0,0,0,1,0,0,140.0,452.0,261.0,278.57142857142856,92.83651785595521,226.1
2013-01-03,21,135,20.73,No,58291,135.0,4,0,1,1,3,0,0,0,0,0,0,186.0,260.0,261.0,240.57142857142858,57.87301369624487,229.2
2013-01-04,27,137,17.56,No,60871,137.0,5,0,1,1,4,0,0,0,0,0,0,135.0,265.0,314.0,222.71428571428572,69.0789748179921,230.4
2013-01-05,26,197,17.65,No,51324,197.0,6,1,1,1,5,0,0,0,0,0,0,137.0,302.0,466.0,204.42857142857142,72.85798318843128,230.96666666666667
2013-01-06,27,129,15.72,No,46833,129.0,7,1,1,1,6,0,0,0,0,0,0,197.0,288.0,466.0,189.42857142857142,58.89215324884742,233.33333333333334
2013-01-07,9,99,18.16,No,50882,99.0,1,0,1,1,7,0,0,0,0,0,0,129.0,243.0,217.0,166.71428571428572,43.07634418763316,232.26666666666668
2013-01-08,12,75,13.17,No,41597,75.0,2,0,1,1,8,0,0,0,0,0,0,99.0,140.0,0.0,146.14285714285714,34.002100775435316,227.46666666666667
2013-01-09,11,97,15.43,No,49296,97.0,3,0,1,1,9,0,0,0,0,0,0,75.0,186.0,452.0,136.85714285714286,43.50643083280358,221.43333333333334
2013-01-10,18,89,17.43,No,40061,89.0,4,0,1,1,10,0,0,0,0,0,0,97.0,135.0,260.0,124.14285714285714,39.57873406864075,220.93333333333334
2013-01-11,24,113,16.4,No,48834,113.0,5,0,1,1,11,0,0,0,0,0,0,89.0,137.0,265.0,117.57142857142857,41.258765302487,219.7
2013-01-12,16,169,17.98,No,58881,169.0,6,1,1,1,12,0,0,0,0,0,0,113.0,197.0,302.0,114.14285714285714,40.362641850389906,218.66666666666666
2013-01-13,16,139,16.05,No,61532,139.0,7,1,1,1,13,0,0,0,0,0,0,169.0,129.0,288.0,110.14285714285714,31.109637153292415,219.66666666666666
2013-01-14,15,77,19.14,No,48030,77.0,1,0,1,1,14,0,0,0,0,0,0,139.0,99.0,243.0,111.57142857142857,32.32572320849712,218.4
2013-01-15,10,85,16.14,No,51677,85.0,2,0,1,1,15,0,0,0,0,0,0,77.0,75.0,140.0,108.42857142857143,34.73162412392634,209.1
2013-01-16,12,83,13.03,No,52836,83.0,3,0,1,1,16,0,0,0,0,0,0,85.0,97.0,186.0,109.85714285714286,33.30379643738601,202.33333333333334
2013-01-17,16,80,15.09,No,48870,80.0,4,0,1,1,17,0,0,0,0,0,0,83.0,89.0,135.0,107.85714285714286,34.599752269963496,198.2
2013-01-18,27,112,11.82,No,42455,112.0,5,0,1,1,18,0,0,0,0,0,1,80.0,113.0,137.0,106.57142857142857,35.57085484333629,194.16666666666666
2013-01-19,45,622,14.67,Yes,85376,622.0,6,1,1,1,19,0,0,0,0,1,1,112.0,169.0,197.0,106.42857142857143,35.54273082200776,189.2
2013-01-20,39,488,17.5,Yes,61592,488.0,7,1,1,1,20,0,0,0,1,1,1,622.0,139.0,129.0,171.14285714285714,200.0678456352816,201.23333333333332
2013-01-21,30,357,12.78,Yes,51725,357.0,1,0,1,1,21,0,0,1,0,1,1,488.0,77.0,99.0,221.0,231.7067111673722,207.03333333333333
2013-01-22,11,61,16.89,No,29401,61.0,2,0,1,1,22,0,0,0,1,0,1,357.0,85.0,75.0,261.0,226.82151573428845,203.4
2013-01-23,11,75,15.33,No,36534,75.0,3,0,1,1,23,0,0,0,0,0,0,61.0,83.0,97.0,257.57142857142856,230.08321475997715,189.9
2013-01-24,22,64,9.62,No,34180,64.0,4,0,1,1,24,0,0,0,0,0,0,75.0,80.0,89.0,256.42857142857144,231.11242368369648,185.16666666666666
2013-01-25,20,66,10.7,No,36310,66.0,5,0,1,1,25,0,0,0,0,0,0,64.0,112.0,113.0,254.14285714285714,233.21765840192342,187.3
2013-01-26,15,135,8.7,No,35596,135.0,6,1,1,1,26,0,0,0,0,0,0,66.0,622.0,169.0,247.57142857142858,238.47910959722608,174.43333333333334
2013-01-27,23,112,14.3,No,38898,112.0,7,1,1,1,27,0,0,0,0,0,0,135.0,488.0,139.0,178.0,173.12230743995232,170.26666666666668
2013-01-28,12,48,14.78,No,30026,48.0,1,0,1,1,28,0,0,0,0,0,0,112.0,357.0,77.0,124.28571428571429,106.36997428114498,165.16666666666666
2013-01-29,17,53,7.75,No,29317,53.0,2,0,1,1,29,0,0,0,0,0,0,48.0,61.0,85.0,80.14285714285714,31.38698547396451,156.7
2013-01-30,11,64,9.03,No,30136,64.0,3,0,1,1,30,0,0,0,0,0,0,53.0,75.0,83.0,79.0,32.331615074619066,148.86666666666667
2013-01-31,22,88,7.56,No,30715,88.0,4,0,1,1,31,0,0,0,0,0,0,64.0,64.0,80.0,77.42857142857143,32.822030928717915,142.9
2013-02-01,19,106,11.29,No,38401,106.0,5,0,2,1,32,0,0,0,0,0,0,88.0,66.0,112.0,80.85714285714286,32.436751642895125,141.16666666666666
2013-02-02,22,172,8.03,No,33975,172.0,6,1,2,1,33,0,0,0,0,0,0,106.0,135.0,622.0,86.57142857142857,32.90317686210636,138.5
2013-02-03,10,96,7.05,No,33435,96.0,7,1,2,1,34,0,0,0,0,0,0,172.0,112.0,488.0,91.85714285714286,43.306768414142795,139.73333333333332
2013-02-04,11,72,9.73,No,26380,72.0,1,0,2,1,35,0,0,0,0,0,0,96.0,48.0,357.0,89.57142857142857,42.480807991598425,138.36666666666667
2013-02-05,11,72,7.03,No,34067,72.0,2,0,2,1,36,0,0,0,0,0,0,72.0,53.0,61.0,93.0,39.4250343479031,134.2
2013-02-06,11,68,6.43,No,33653,68.0,3,0,2,1,37,0,0,0,0,0,0,72.0,64.0,75.0,95.71428571428571,36.777322205014265,132.3
2013-02-07,19,68,11.95,No,27681,68.0,4,0,2,1,38,0,0,0,0,0,0,68.0,88.0,64.0,96.28571428571429,36.22942766000362,131.26666666666668
2013-02-08,27,116,16.58,No,42371,116.0,5,0,2,1,39,0,0,0,0,0,0,68.0,106.0,66.0,93.42857142857143,37.74854144139065,131.03333333333333
2013-02-09,19,198,15.86,No,40885,198.0,6,1,2,1,40,0,0,0,0,0,0,116.0,172.0,135.0,94.85714285714286,38.4856188353892,131.66666666666666
2013-02-10,15,142,16.53,No,28068,142.0,7,1,2,1,41,0,0,0,0,0,0,198.0,96.0,112.0,98.57142857142857,47.39499672207734,135.3
2013-02-11,16,84,14.57,No,31563,84.0,1,0,2,1,42,0,0,0,0,0,0,142.0,72.0,48.0,105.14285714285714,50.09134513209709,136.26666666666668
2013-02-12,14,90,11.47,No,30593,90.0,2,0,2,1,43,0,0,0,0,0,0,84.0,72.0,53.0,106.85714285714286,48.960625579570234,133.43333333333334
2013-02-13,10,84,15.31,No,29867,84.0,3,0,2,1,44,0,0,0,0,0,0,90.0,68.0,64.0,109.42857142857143,47.26823155445659,131.8
2013-02-14,18,113,10.16,No,39821,113.0,4,0,2,1,45,0,0,0,0,0,0,84.0,68.0,88.0,111.71428571428571,45.27587394965197,132.03333333333333
2013-02-15,26,119,10.18,No,34430,119.0,5,0,2,1,46,0,0,0,0,0,1,113.0,116.0,106.0,118.14285714285714,41.030186332457774,132.96666666666667
2013-02-16,58,718,11.4,Yes,113669,659.22,6,1,2,1,47,0,0,0,0,1,1,119.0,198.0,172.0,118.57142857142857,41.01973973124478,134.16666666666666
2013-02-17,28,544,11.5,Yes,70343,544.0,7,1,2,1,48,0,0,0,1,1,1,659.22,142.0,96.0,184.46,210.4354878183178,153.47400000000002
2013-02-18,30,457,13.75,Yes,65109,457.0,1,0,2,1,49,0,0,1,0,1,1,544.0,84.0,72.0,241.88857142857142,248.35406227323745,167.874
2013-02-19,18,58,11.36,No,29660,58.0,2,0,2,1,50,0,0,0,1,0,1,457.0,90.0,72.0,295.17428571428576,248.84633671251453,162.374
2013-02-20,13,71,12.61,No,27147,71.0,3,0,2,1,51,0,0,0,0,0,0,58.0,84.0,68.0,290.60285714285715,253.49420254477138,148.04066666666668
2013-02-21,18,60,9.41,No,27070,60.0,4,0,2,1,52,0,0,0,0,0,0,71.0,113.0,68.0,288.7457142857143,255.3012585722434,138.50733333333335
2013-02-22,21,84,9.88,No,33510,84.0,5,0,2,1,53,0,0,0,0,0,0,60.0,119.0,116.0,281.1742857142857,262.07796415425344,138.47400000000002
2013-02-23,27,144,10.33,No,32936,144.0,6,1,2,1,54,0,0,0,0,0,0,84.0,659.22,198.0,276.1742857142857,265.99227926496565,138.774
2013-02-24,17,102,7.54,No,35108,102.0,7,1,2,1,55,0,0,0,0,0,0,144.0,544.0,142.0,202.57142857142858,207.0972856275179,141.4406666666667
2013-02-25,13,63,7.44,No,24331,63.0,1,0,2,1,56,0,0,0,0,0,0,102.0,457.0,84.0,139.42857142857142,143.15941829868905,142.64066666666668
2013-02-26,10,57,7.8,No,28161,57.0,2,0,2,1,57,0,0,0,0,0,0,63.0,58.0,90.0,83.14285714285714,31.039912861928837,140.24066666666667
2013-02-27,13,63,8.17,No,28990,63.0,3,0,2,1,58,0,0,0,0,0,0,57.0,71.0,84.0,83.0,31.1769145362389,138.40733333333336
2013-02-28,22,71,10.83,No,32831,71.0,4,0,2,1,59,0,0,0,0,0,0,63.0,60.0,113.0,81.85714285714286,31.82990507593136,138.90733333333336
2013-03-01,15,99,8.2,No,39263,99.0,5,0,3,1,60,0,0,0,0,0,0,71.0,84.0,119.0,83.42857142857143,30.826704564154422,139.50733333333335
2013-03-02,20,152,7.18,No,34879,152.0,6,1,3,1,61,0,0,0,0,0,0,99.0,144.0,659.22,85.57142857142857,31.38926112997342,140.674
2013-03-03,21,99,8.76,No,31991,99.0,7,1,3,1,62,0,0,0,0,0,0,152.0,102.0,544.0,86.71428571428571,33.91516025670588,142.80733333333333
2013-03-04,16,68,6.31,No,32005,68.0,1,0,3,1,63,0,0,0,0,0,0,99.0,63.0,457.0,86.28571428571429,33.70813099591909,142.574
2013-03-05,8,55,8.88,No,37806,55.0,2,0,3,1,64,0,0,0,0,0,0,68.0,57.0,58.0,87.0,33.18132004607332,139.10733333333334
2013-03-06,11,63,9.71,No,40000,63.0,3,0,3,1,65,0,0,0,0,0,0,55.0,63.0,71.0,86.71428571428571,33.489870536796275,137.74066666666667
2013-03-07,19,67,8.91,No,35925,67.0,4,0,3,1,66,0,0,0,0,0,0,63.0,71.0,60.0,86.71428571428571,33.48987053679628,137.4406666666667
2013-03-08,19,83,12.21,No,31243,83.0,5,0,3,1,67,0,0,0,0,0,0,67.0,99.0,84.0,86.14285714285714,33.83503397086326,137.274
2013-03-09,17,174,8.41,No,40058,174.0,6,1,3,1,68,0,0,0,0,0,0,83.0,152.0,144.0,83.85714285714286,33.35879979569812,137.774
2013-03-10,38,122,10.07,No,39202,122.0,7,1,3,1,69,0,0,0,0,0,0,174.0,99.0,102.0,87.0,41.00812927538409,141.30733333333333
2013-03-11,12,67,10.54,No,38644,67.0,1,0,3,1,70,0,0,0,0,0,0,122.0,68.0,63.0,90.28571428571429,43.00276846015899,141.50733333333335
2013-03-12,11,62,9.88,No,35610,62.0,2,0,3,1,71,0,0,0,0,0,0,67.0,55.0,57.0,90.14285714285714,43.09071273266982,137.14066666666668
2013-03-13,14,70,8.91,No,33752,70.0,3,0,3,1,72,0,0,0,0,0,0,62.0,63.0,63.0,91.14285714285714,42.21148568588263,134.47400000000002
2013-03-14,23,80,10.6,No,31068,80.0,4,0,3,1,73,0,0,0,0,0,0,70.0,67.0,71.0,92.14285714285714,41.5107559211201,134.00733333333335
2013-03-15,25,109,9.28,No,39265,109.0,5,0,3,1,74,0,0,0,0,0,0,80.0,83.0,99.0,94.0,40.47633053196998,133.674
2013-03-16,23,194,13.56,No,43220,194.0,6,1,3,1,75,0,0,0,0,0,0,109.0,174.0,152.0,97.71428571428571,40.49162170834088,134.50733333333335
2013-03-17,26,137,16.4,No,41794,137.0,7,1,3,1,76,0,0,0,0,0,0,194.0,122.0,99.0,100.57142857142857,46.960469698307634,137.20733333333334
2013-03-18,10,86,6.5,No,35165,86.0,1,0,3,1,77,0,0,0,0,0,0,137.0,67.0,68.0,102.71428571428571,48.4207747621967,137.80733333333333
2013-03-19,10,67,8.12,No,33749,67.0,2,0,3,1,78,0,0,0,0,0,0,86.0,62.0,55.0,105.42857142857143,46.58274767499593,118.7
2013-03-20,13,82,6.42,No,36494,82.0,3,0,3,1,79,0,0,0,0,0,0,67.0,70.0,63.0,106.14285714285714,45.83822484720384,102.8
2013-03-21,20,90,7.06,No,33312,90.0,4,0,3,1,80,0,0,0,0,0,0,82.0,80.0,67.0,107.85714285714286,44.46507457705223,90.3
2013-03-22,28,121,9.35,No,37911,121.0,5,0,3,1,81,0,0,0,0,0,0,90.0,109.0,83.0,109.28571428571429,43.57259951588141,91.36666666666666
2013-03-23,24,165,6.74,No,43411,165.0,6,1,3,1,82,0,0,0,0,0,0,121.0,194.0,174.0,111.0,43.79497688091593,93.03333333333333
2013-03-24,16,126,6.58,No,34053,126.0,7,1,3,1,83,0,0,0,0,0,0,165.0,137.0,122.0,106.85714285714286,35.15408260514677,96.53333333333333
2013-03-25,13,101,8.32,No,34946,101.0,1,0,3,1,84,0,0,0,0,0,0,126.0,86.0,67.0,105.28571428571429,33.80194415372267,97.93333333333334
2013-03-26,12,93,9.31,No,32855,93.0,2,0,3,1,85,0,0,0,0,0,0,101.0,67.0,62.0,107.42857142857143,32.83726106552849,96.5
2013-03-27,13,98,8.11,No,35643,98.0,3,0,3,1,86,0,0,0,0,0,0,93.0,82.0,70.0,111.14285714285714,28.713693431464915,96.2
2013-03-28,15,105,6.71,No,30178,105.0,4,0,3,1,87,0,0,0,0,0,0,98.0,90.0,80.0,113.42857142857143,26.56349087787616,97.36666666666666
2013-03-29,20,146,7.92,No,39376,146.0,5,0,3,1,88,0,0,0,0,0,0,105.0,121.0,109.0,115.57142857142857,24.912226869932983,98.96666666666667
2013-03-30,15,185,7.77,No,47234,185.0,6,1,3,1,89,0,0,0,0,0,0,146.0,165.0,194.0,119.14285714285714,27.47986275698666,101.73333333333333
2013-03-31,7,0,6.51,No,26218,0.0,7,1,3,1,90,0,0,0,0,0,0,185.0,126.0,137.0,122.0,33.43650699460048,105.53333333333333
2013-04-01,10,100,9.02,No,37691,100.0,1,0,4,2,91,0,0,0,0,0,0,0.0,101.0,86.0,104.0,56.727418414730955,102.23333333333333
2013-04-02,12,87,6.37,No,35095,87.0,2,0,4,2,92,0,0,0,0,0,0,100.0,93.0,67.0,103.85714285714286,56.73749075472772,100.5
2013-04-03,13,103,6.34,No,36838,103.0,3,0,4,2,93,0,0,0,0,0,0,87.0,98.0,82.0,103.0,56.973678132976076,100.1
2013-04-04,27,103,7.8,No,34448,103.0,4,0,4,2,94,0,0,0,0,0,0,103.0,105.0,90.0,103.71428571428571,56.93187240235518,101.26666666666667
2013-04-05,18,149,10.46,No,40098,149.0,5,0,4,2,95,0,0,0,0,0,0,103.0,146.0,121.0,103.42857142857143,56.92936308226483,102.86666666666666
2013-04-06,15,184,8.43,No,42391,184.0,6,1,4,2,96,0,0,0,0,0,0,149.0,185.0,165.0,103.85714285714286,57.313257836293694,105.73333333333333
2013-04-07,19,128,9.2,No,36794,128.0,7,1,4,2,97,0,0,0,0,0,0,184.0,0.0,126.0,103.71428571428571,57.07805849803161,109.63333333333334
2013-04-08,11,77,8.19,No,30200,77.0,1,0,4,2,98,0,0,0,0,0,0,128.0,100.0,101.0,122.0,34.25395354310651,111.13333333333334
2013-04-09,11,59,10.27,No,30758,59.0,2,0,4,2,99,0,0,0,0,0,0,77.0,87.0,93.0,118.71428571428571,37.65064977621758,107.9
2013-04-10,14,61,8.43,No,30503,61.0,3,0,4,2,100,0,0,0,0,0,0,59.0,103.0,98.0,114.71428571428571,42.72670626869559,105.8
2013-04-11,19,79,6.95,No,37311,79.0,4,0,4,2,101,0,0,0,0,0,0,61.0,103.0,105.0,108.71428571428571,47.34523659853637,105.6
2013-04-12,16,112,9.71,No,35606,112.0,5,0,4,2,102,0,0,0,0,0,0,79.0,149.0,146.0,105.28571428571429,48.678243893667585,106.16666666666667
2013-04-13,19,168,9.12,No,39334,168.0,6,1,4,2,103,0,0,0,0,0,0,112.0,184.0,185.0,100.0,45.01110973970709,107.56666666666666
2013-04-14,17,133,9.93,No,36689,133.0,7,1,4,2,104,0,0,0,0,0,0,168.0,128.0,0.0,97.71428571428571,40.181730034573945,110.5
2013-04-15,12,54,8.68,No,31807,54.0,1,0,4,2,105,0,0,0,0,0,0,133.0,77.0,100.0,98.42857142857143,40.84873373336071,111.3
2013-04-16,16,61,7.54,No,31423,61.0,2,0,4,2,106,0,0,0,0,0,0,54.0,59.0,87.0,95.14285714285714,43.68610981165687,106.63333333333334
2013-04-17,15,71,8.49,No,29703,71.0,3,0,4,2,107,0,0,0,0,0,0,61.0,61.0,103.0,95.42857142857143,43.41603829176878,104.1
2013-04-18,19,69,11.62,No,31366,69.0,4,0,4,2,108,0,0,0,0,0,0,71.0,79.0,103.0,96.85714285714286,42.24306085591032,103.6
2013-04-19,19,102,10.58,No,33256,102.0,5,0,4,2,109,0,0,0,0,0,0,69.0,112.0,149.0,95.42857142857143,43.10783820009612,103.66666666666667
2013-04-20,24,157,10.3,No,41566,157.0,6,1,4,2,110,0,0,0,0,0,0,102.0,168.0,184.0,94.0,42.630192743327875,104.33333333333333
2013-04-21,15,115,12.08,No,33951,115.0,7,1,4,2,111,0,0,0,0,0,0,157.0,133.0,128.0,92.42857142857143,39.538408089927756,106.56666666666666
2013-04-22,9,63,10.17,No,34896,63.0,1,0,4,2,112,0,0,0,0,0,0,115.0,54.0,77.0,89.85714285714286,36.96136979527147,106.36666666666666
2013-04-23,11,71,7.11,No,42248,71.0,2,0,4,2,113,0,0,0,0,0,0,63.0,61.0,59.0,91.14285714285714,35.63906364009592,102.96666666666667
2013-04-24,12,66,9.37,No,33263,66.0,3,0,4,2,114,0,0,0,0,0,0,71.0,71.0,61.0,92.57142857142857,34.40860911098168,101.13333333333334
2013-04-25,15,73,10.67,No,38729,73.0,4,0,4,2,115,0,0,0,0,0,0,66.0,69.0,79.0,91.85714285714286,34.97822451863646,99.96666666666667
2013-04-26,23,107,9.08,No,36689,107.0,5,0,4,2,116,0,0,0,0,0,0,73.0,102.0,112.0,92.42857142857143,34.57290433685988,99.3
2013-04-27,16,177,6.89,No,44195,177.0,6,1,4,2,117,0,0,0,0,0,0,107.0,157.0,168.0,93.14285714285714,34.85411774538949,99.6
2013-04-28,18,116,7.97,No,31213,116.0,7,1,4,2,118,0,0,0,0,0,0,177.0,115.0,133.0,96.0,41.20275071723512,102.0
2013-04-29,11,73,10.65,No,29065,73.0,1,0,4,2,119,0,0,0,0,0,0,116.0,63.0,54.0,96.14285714285714,41.281265207631535,101.0
2013-04-30,12,65,7.8,No,40183,65.0,2,0,4,2,120,0,0,0,0,0,0,73.0,71.0,61.0,97.57142857142857,40.09928155157314,97.26666666666667
2013-05-01,15,71,11.18,No,44644,71.0,3,0,5,2,121,0,0,0,0,0,0,65.0,66.0,71.0,96.71428571428571,40.819579802320945,99.43333333333334
2013-05-02,16,78,10.28,No,32779,78.0,4,0,5,2,122,0,0,0,0,0,0,71.0,73.0,69.0,97.42857142857143,40.23206491865662,98.46666666666667
2013-05-03,14,99,11.84,No,36015,99.0,5,0,5,2,123,0,0,0,0,0,0,78.0,107.0,102.0,98.14285714285714,39.767778294445165,98.16666666666667
2013-05-04,16,164,10.76,No,38127,164.0,6,1,5,2,124,0,0,0,0,0,0,99.0,177.0,157.0,97.0,39.58535082577838,98.03333333333333
2013-05-05,15,131,10.87,No,42165,131.0,7,1,5,2,125,0,0,0,0,0,0,164.0,116.0,115.0,95.14285714285714,35.27713410236356,100.06666666666666
2013-05-06,9,86,8.49,No,35486,86.0,1,0,5,2,126,0,0,0,0,0,0,131.0,73.0,63.0,97.28571428571429,37.1605269325492,99.46666666666667
2013-05-07,10,78,8.04,No,32888,78.0,2,0,5,2,127,0,0,0,0,0,0,86.0,65.0,71.0,99.14285714285714,36.05287122837067,96.2
2013-05-08,12,80,8.01,No,31840,80.0,3,0,5,2,128,0,0,0,0,0,0,78.0,71.0,66.0,101.0,34.292856398963835,94.53333333333333
2013-05-09,20,88,6.17,No,40765,88.0,4,0,5,2,129,0,0,0,0,0,0,80.0,78.0,73.0,102.28571428571429,33.12961558140064,94.63333333333334
2013-05-10,16,116,8.27,No,38978,116.0,5,0,5,2,130,0,0,0,0,0,0,88.0,99.0,107.0,103.71428571428571,32.1077056468493,95.6
2013-05-11,17,176,10.58,No,43649,176.0,6,1,5,2,131,0,0,0,0,0,0,116.0,164.0,177.0,106.14285714285714,32.33382424762261,97.43333333333334
2013-05-12,21,120,8.89,No,33668,120.0,7,1,5,2,132,0,0,0,0,0,0,176.0,131.0,116.0,107.85714285714286,36.020496810512604,100.66666666666667
2013-05-13,10,50,9.37,No,34384,50.0,1,0,5,2,133,0,0,0,0,0,0,120.0,86.0,73.0,106.28571428571429,35.069998031147925,100.93333333333334
2013-05-14,10,60,8.31,No,33098,60.0,2,0,5,2,134,0,0,0,0,0,0,50.0,78.0,65.0,101.14285714285714,40.724393064552174,97.0
2013-05-15,13,78,8.8,No,39686,78.0,3,0,5,2,135,0,0,0,0,0,0,60.0,80.0,71.0,98.57142857142857,42.93738519773883,94.56666666666666
2013-05-16,16,93,7.53,No,38757,93.0,4,0,5,2,136,0,0,0,0,0,0,78.0,88.0,78.0,98.28571428571429,43.08794992305136,95.36666666666666
2013-05-17,19,138,8.75,No,36661,138.0,5,0,5,2,137,0,0,0,0,0,0,93.0,116.0,99.0,99.0,42.93017586733082,96.43333333333334
2013-05-18,17,178,5.85,No,41292,178.0,6,1,5,2,138,0,0,0,0,0,0,138.0,176.0,164.0,102.14285714285714,45.131026177226225,98.66666666666667
2013-05-19,20,132,6.86,No,32096,132.0,7,1,5,2,139,0,0,0,0,0,0,178.0,120.0,131.0,102.42857142857143,45.67952547497623,102.3
2013-05-20,11,75,7.75,No,40887,75.0,1,0,5,2,140,0,0,0,0,0,0,132.0,50.0,86.0,104.14285714285714,46.66343526227089,103.3
2013-05-21,12,72,5.42,No,31861,72.0,2,0,5,2,141,0,0,0,0,0,0,75.0,60.0,78.0,107.71428571428571,42.609522745172654,100.56666666666666
2013-05-22,10,85,7.84,No,32028,85.0,3,0,5,2,142,0,0,0,0,0,0,72.0,78.0,80.0,109.42857142857143,40.562121668937294,99.13333333333334
2013-05-23,17,119,9.88,No,43032,119.0,4,0,5,2,143,0,0,0,0,0,0,85.0,93.0,88.0,110.42857142857143,39.73603378487012,99.86666666666666
2013-05-24,17,140,11.38,No,38893,140.0,5,0,5,2,144,0,1,0,0,0,1,119.0,138.0,116.0,114.14285714285714,39.0445411098165,101.46666666666667
2013-05-25,47,807,12.44,Yes,94310,659.22,6,1,5,2,145,0,1,0,0,1,1,140.0,178.0,176.0,114.42857142857143,39.25496632213995,103.93333333333334
2013-05-26,39,535,11.78,Yes,61910,535.0,7,1,5,2,146,0,1,0,1,1,1,659.22,132.0,120.0,183.17428571428573,211.70745372306746,123.474
2013-05-27,28,553,15.73,Yes,68710,553.0,1,0,5,2,147,0,1,1,0,1,1,535.0,75.0,50.0,240.74571428571429,247.27903124858386,137.74066666666667
2013-05-28,14,82,14.08,No,33565,82.0,2,0,5,2,148,0,0,0,1,0,1,553.0,72.0,60.0,309.0314285714286,259.5740233169576,150.274
2013-05-29,12,82,13.58,No,28092,82.0,3,0,5,2,149,0,0,0,0,0,0,82.0,85.0,78.0,310.46000000000004,258.07528849801446,149.14066666666668
2013-05-30,20,77,8.25,No,38618,77.0,4,0,5,2,150,0,0,0,0,0,0,82.0,119.0,93.0,310.0314285714286,258.5142167224447,149.4406666666667
2013-05-31,17,114,9.86,No,33682,114.0,5,0,5,2,151,0,0,0,0,0,0,77.0,140.0,138.0,304.0314285714286,264.11368811104643,149.84066666666666
2013-06-01,14,181,9.84,No,45300,181.0,6,1,6,2,152,0,0,0,0,0,0,114.0,659.22,178.0,300.31714285714287,266.9723157753932,151.274
2013-06-02,17,139,10.92,No,38835,139.0,7,1,6,2,153,0,0,0,0,0,0,181.0,535.0,132.0,232.0,216.17893822787957,154.70733333333334
2013-06-03,9,92,8.81,No,31469,92.0,1,0,6,2,154,0,0,0,0,0,0,139.0,553.0,75.0,175.42857142857142,170.70330707874132,156.04066666666668
2013-06-04,8,84,10.51,No,34434,84.0,2,0,6,2,155,0,0,0,0,0,0,92.0,82.0,72.0,109.57142857142857,38.46581661188316,153.64066666666668
2013-06-05,15,89,8.62,No,35777,89.0,3,0,6,2,156,0,0,0,0,0,0,84.0,82.0,85.0,109.85714285714286,38.233617718043675,152.074
2013-06-06,19,94,9.64,No,34554,94.0,4,0,6,2,157,0,0,0,0,0,0,89.0,77.0,119.0,110.85714285714286,37.46744618745056,152.174
2013-06-07,14,114,10.29,No,33878,114.0,5,0,6,2,158,0,0,0,0,0,0,94.0,114.0,140.0,113.28571428571429,35.40110302290137,152.70733333333334
2013-06-08,18,181,11.63,No,41265,181.0,6,1,6,2,159,0,0,0,0,0,0,114.0,181.0,659.22,113.28571428571429,35.40110302290137,153.84066666666666
2013-06-09,27,121,10.44,No,41927,121.0,7,1,6,2,160,0,0,0,0,0,0,181.0,139.0,535.0,113.28571428571429,35.40110302290137,156.9406666666667
2013-06-10,11,82,9.17,No,35276,82.0,1,0,6,2,161,0,0,0,0,0,0,121.0,92.0,553.0,110.71428571428571,33.84136662781329,157.10733333333334
2013-06-11,9,86,8.94,No,32774,86.0,2,0,6,2,162,0,0,0,0,0,0,82.0,84.0,82.0,109.28571428571429,34.955754346097876,153.97400000000002
2013-06-12,10,82,11.71,No,33198,82.0,3,0,6,2,163,0,0,0,0,0,0,86.0,89.0,82.0,109.57142857142857,34.722025396267234,152.84066666666666
2013-06-13,19,106,14.43,No,34802,106.0,4,0,6,2,164,0,0,0,0,0,0,82.0,94.0,77.0,108.57142857142857,35.50519747331405,153.90733333333336
2013-06-14,14,118,10.42,No,39639,118.0,5,0,6,2,165,0,0,0,0,0,0,106.0,114.0,114.0,110.28571428571429,34.970055217353334,155.4406666666667
2013-06-15,18,185,11.44,No,38349,185.0,6,1,6,2,166,0,0,0,0,0,0,118.0,181.0,181.0,110.85714285714286,35.07339243846875,156.774
2013-06-16,15,106,8.77,No,38333,106.0,7,1,6,2,167,0,0,0,0,0,0,185.0,121.0,139.0,111.42857142857143,36.41362905496184,159.84066666666666
2013-06-17,8,71,13.64,No,30172,71.0,1,0,6,2,168,0,0,0,0,0,0,106.0,82.0,92.0,109.28571428571429,36.19721115276803,158.774
2013-06-18,10,89,13.25,No,37002,89.0,2,0,6,2,169,0,0,0,0,0,0,71.0,86.0,84.0,107.71428571428571,37.7832162285241,155.20733333333334
2013-06-19,10,91,12.19,No,33218,91.0,3,0,6,2,170,0,0,0,0,0,0,89.0,82.0,89.0,108.14285714285714,37.51190287285938,153.774
2013-06-20,16,91,9.17,No,33436,91.0,4,0,6,2,171,0,0,0,0,0,0,91.0,106.0,94.0,109.42857142857143,36.60991278719048,154.30733333333333
2013-06-21,14,125,10.83,No,31471,125.0,5,0,6,2,172,0,0,0,0,0,0,91.0,118.0,114.0,107.28571428571429,37.276955731006346,154.9406666666667
2013-06-22,14,160,12.8,No,44943,160.0,6,1,6,2,173,0,0,0,0,0,0,125.0,185.0,181.0,108.28571428571429,37.70373228967402,156.274
2013-06-23,18,115,11.94,No,34865,115.0,7,1,6,2,174,0,0,0,0,0,0,160.0,106.0,121.0,104.71428571428571,29.522388598678894,157.64066666666668
2013-06-24,11,86,12.32,No,35598,86.0,1,0,6,2,175,0,0,0,0,0,0,115.0,71.0,82.0,106.0,29.782545223670486,156.80733333333333
2013-06-25,11,81,12.73,No,32455,81.0,2,0,6,2,176,0,0,0,0,0,0,86.0,89.0,86.0,108.14285714285714,27.27898196676034,137.7
2013-06-26,8,98,10.79,No,35649,98.0,3,0,6,2,177,0,0,0,0,0,0,81.0,91.0,82.0,107.0,28.360771028540665,122.56666666666666
2013-06-27,10,100,14.12,No,30761,100.0,4,0,6,2,178,0,0,0,0,0,0,98.0,91.0,106.0,108.0,27.820855486486728,107.4
2013-06-28,14,117,13.14,No,37375,117.0,5,0,6,2,179,0,0,0,0,0,0,100.0,125.0,118.0,109.28571428571429,27.102978223276644,108.0
2013-06-29,15,174,14.27,No,39217,174.0,6,1,6,2,180,0,0,0,0,0,0,117.0,160.0,185.0,108.14285714285714,26.49168782485372,109.16666666666667
2013-06-30,20,149,14.93,No,41493,149.0,7,1,6,2,181,0,0,0,0,0,0,174.0,115.0,106.0,110.14285714285714,31.17385962324049,112.4
2013-07-01,9,105,13.89,No,36475,105.0,1,0,7,3,182,0,0,0,0,0,0,149.0,86.0,71.0,115.0,34.52535300326388,113.56666666666666
2013-07-02,8,120,16.2,No,37264,120.0,2,0,7,3,183,0,0,0,0,0,0,105.0,81.0,89.0,117.71428571428571,32.55617855192382,111.03333333333333
2013-07-03,14,129,13.5,No,27906,129.0,3,0,7,3,184,0,0,0,1,0,0,120.0,98.0,91.0,123.28571428571429,28.282587609777636,110.4
2013-07-04,16,153,14.22,No,39862,153.0,4,0,7,3,185,0,0,1,0,0,0,129.0,100.0,91.0,127.71428571428571,25.99816843365604,111.63333333333334
2013-07-05,17,168,15.59,No,33718,168.0,5,0,7,3,186,0,0,0,1,0,0,153.0,117.0,125.0,135.28571428571428,24.239872701221422,113.93333333333334
2013-07-06,15,202,14.69,No,40657,202.0,6,1,7,3,187,0,0,0,0,0,0,168.0,174.0,160.0,142.57142857142858,25.461455462830642,116.56666666666666
2013-07-07,12,146,10.88,No,46078,146.0,7,1,7,3,188,0,0,0,0,0,0,202.0,149.0,115.0,146.57142857142858,32.459498573130226,120.16666666666667
2013-07-08,10,105,12.62,No,39560,105.0,1,0,7,3,189,0,0,0,0,0,0,146.0,105.0,86.0,146.14285714285714,32.441889440601116,121.23333333333333
2013-07-09,9,107,12.23,No,47542,107.0,2,0,7,3,190,0,0,0,0,0,0,105.0,120.0,81.0,146.14285714285714,32.441889440601116,118.7
2013-07-10,10,112,11.28,No,31912,112.0,3,0,7,3,191,0,0,0,0,0,0,107.0,129.0,98.0,144.28571428571428,34.49499618647257,118.23333333333333
2013-07-11,11,110,13.51,No,36332,110.0,4,0,7,3,192,0,0,0,0,0,0,112.0,153.0,100.0,141.85714285714286,36.3016462961326,119.23333333333333
2013-07-12,16,129,12.89,No,30052,129.0,5,0,7,3,193,0,0,0,0,0,0,110.0,168.0,117.0,135.71428571428572,37.712572111142016,120.03333333333333
2013-07-13,19,172,11.34,No,32301,172.0,6,1,7,3,194,0,0,0,0,0,0,129.0,202.0,174.0,130.14285714285714,34.925771627975706,121.6
2013-07-14,13,133,12.16,No,32784,133.0,7,1,7,3,195,0,0,0,0,0,0,172.0,146.0,149.0,125.85714285714286,25.09600613264013,123.8
2013-07-15,11,112,11.34,No,39273,112.0,1,0,7,3,196,0,0,0,0,0,0,133.0,105.0,105.0,124.0,23.804761428475885,124.3
2013-07-16,11,131,10.87,No,42966,131.0,2,0,7,3,197,0,0,0,0,0,0,112.0,107.0,120.0,125.0,23.007245235649577,121.86666666666666
2013-07-17,8,116,12.52,No,36203,116.0,3,0,7,3,198,0,0,0,0,0,0,131.0,112.0,129.0,128.42857142857142,21.62450109526312,122.7
2013-07-18,12,119,13.77,No,39081,119.0,4,0,7,3,199,0,0,0,0,0,0,116.0,110.0,153.0,129.0,21.166010488516456,124.2
2013-07-19,20,123,12.72,No,36274,123.0,5,0,7,3,200,0,0,0,0,0,0,119.0,129.0,168.0,130.28571428571428,20.064182728718798,125.2
2013-07-20,14,179,10.32,No,40469,179.0,6,1,7,3,201,0,0,0,0,0,0,123.0,172.0,202.0,129.42857142857142,20.255510714018126,126.26666666666667
2013-07-21,19,140,10.48,No,32825,140.0,7,1,7,3,202,0,0,0,0,0,0,179.0,133.0,146.0,130.42857142857142,22.72925532477993,129.2
2013-07-22,12,121,7.99,No,27097,121.0,1,0,7,3,203,0,0,0,0,0,0,140.0,112.0,105.0,131.42857142857142,23.013453622154092,129.7
2013-07-23,17,118,6.42,No,38423,118.0,2,0,7,3,204,0,0,0,0,0,0,121.0,131.0,107.0,132.71428571428572,21.975094127324052,128.4
2013-07-24,17,118,8.4,No,26163,118.0,3,0,7,3,205,0,0,0,0,0,0,118.0,116.0,112.0,130.85714285714286,22.68206759702871,128.5
2013-07-25,14,99,9.32,No,36832,99.0,4,0,7,3,206,0,0,0,0,0,0,118.0,119.0,110.0,131.14285714285714,22.475383359196496,129.56666666666666
2013-07-26,15,125,8.39,No,29908,125.0,5,0,7,3,207,0,0,0,0,0,0,99.0,123.0,129.0,128.28571428571428,25.36213901148883,130.16666666666666
2013-07-27,20,171,8.71,No,48775,171.0,6,1,7,3,208,0,0,0,0,0,0,125.0,179.0,172.0,128.57142857142858,25.303867575643505,131.06666666666666
2013-07-28,27,99,9.24,No,31960,99.0,7,1,7,3,209,0,0,0,0,0,0,171.0,140.0,133.0,127.42857142857143,22.692562238591943,133.43333333333334
2013-07-29,9,98,6.39,No,29387,98.0,1,0,7,3,210,0,0,0,0,0,0,99.0,121.0,112.0,121.57142857142857,24.151308748920826,132.83333333333334
2013-07-30,11,94,9.39,No,37735,94.0,2,0,7,3,211,0,0,0,0,0,0,98.0,118.0,131.0,118.28571428571429,25.75340939056573,130.3
2013-07-31,12,108,7.09,No,30575,108.0,3,0,7,3,212,0,0,0,0,0,0,94.0,118.0,116.0,114.85714285714286,27.346106191001052,128.46666666666667
2013-08-01,19,127,10.22,No,38538,127.0,4,0,8,3,213,0,0,0,0,0,0,108.0,99.0,119.0,113.42857142857143,27.415671569725024,128.56666666666666
2013-08-02,19,122,9.65,No,34306,122.0,5,0,8,3,214,0,0,0,0,0,0,127.0,125.0,123.0,117.42857142857143,26.99911815138347,128.8
2013-08-03,19,161,6.84,No,38411,161.0,6,1,8,3,215,0,0,0,0,0,0,122.0,171.0,179.0,117.0,26.882460204874288,128.56666666666666
2013-08-04,12,144,6.27,No,36274,144.0,7,1,8,3,216,0,0,0,0,0,0,161.0,99.0,140.0,115.57142857142857,23.599838578947175,128.83333333333334
2013-08-05,8,96,6.87,No,28802,96.0,1,0,8,3,217,0,0,0,0,0,0,144.0,98.0,121.0,122.0,24.447222064411577,128.03333333333333
2013-08-06,8,89,8.81,No,26796,89.0,2,0,8,3,218,0,0,0,0,0,0,96.0,94.0,118.0,121.71428571428571,24.78382729196765,124.5
2013-08-07,8,96,7.56,No,38296,96.0,3,0,8,3,219,0,0,0,0,0,0,89.0,108.0,118.0,121.0,25.76819745344996,122.6
2013-08-08,14,108,10.34,No,29043,108.0,4,0,8,3,220,0,0,0,0,0,0,96.0,127.0,99.0,119.28571428571429,27.139849457419853,122.3
2013-08-09,19,124,14.82,No,43516,124.0,5,0,8,3,221,0,0,0,0,0,0,108.0,122.0,125.0,116.57142857142857,27.189809015248656,122.33333333333333
2013-08-10,21,162,11.43,No,37025,162.0,6,1,8,3,222,0,0,0,0,0,0,124.0,161.0,171.0,116.85714285714286,27.266759808898698,122.73333333333333
2013-08-11,19,126,13.24,No,38614,126.0,7,1,8,3,223,0,0,0,0,0,0,162.0,144.0,99.0,117.0,27.5378527364302,124.46666666666667
2013-08-12,12,93,12.13,No,30789,93.0,1,0,8,3,224,0,0,0,0,0,0,126.0,96.0,98.0,114.42857142857143,25.34993190560932,124.36666666666666
2013-08-13,15,108,13.47,No,39901,108.0,2,0,8,3,225,0,0,0,0,0,0,93.0,89.0,94.0,114.0,25.735837529276466,121.73333333333333
2013-08-14,12,93,7.75,No,34457,93.0,3,0,8,3,226,0,0,0,0,0,0,108.0,96.0,108.0,116.71428571428571,23.570562754660983,120.9
2013-08-15,15,90,10.71,No,28502,90.0,4,0,8,3,227,0,0,0,0,0,0,93.0,108.0,127.0,116.28571428571429,24.03271579683435,120.26666666666667
2013-08-16,16,112,7.77,No,36499,112.0,5,0,8,3,228,0,0,0,0,0,0,90.0,124.0,122.0,113.71428571428571,25.95325468166584,118.9
2013-08-17,14,164,8.59,No,38420,164.0,6,1,8,3,229,0,0,0,0,0,0,112.0,162.0,161.0,112.0,25.553864678360892,118.76666666666667
2013-08-18,17,107,9.45,No,33643,107.0,7,1,8,3,230,0,0,0,0,0,0,164.0,126.0,144.0,112.28571428571429,26.208868001207957,120.26666666666667
2013-08-19,9,93,12.56,No,28320,93.0,1,0,8,3,231,0,0,0,0,0,0,107.0,93.0,96.0,109.57142857142857,25.52682995632295,119.73333333333333
2013-08-20,11,81,9.66,No,28417,81.0,2,0,8,3,232,0,0,0,0,0,0,93.0,108.0,89.0,109.57142857142857,25.52682995632295,116.86666666666666
2013-08-21,12,100,12.22,No,36580,100.0,3,0,8,3,233,0,0,0,0,0,0,81.0,93.0,96.0,105.71428571428571,27.74715772659858,114.9
2013-08-22,14,95,13.08,No,29323,95.0,4,0,8,3,234,0,0,0,0,0,0,100.0,90.0,108.0,106.71428571428571,27.335656115009805,114.2
2013-08-23,12,104,9.73,No,31200,104.0,5,0,8,3,235,0,0,0,0,0,0,95.0,112.0,124.0,107.42857142857143,26.88777381919818,113.43333333333334
2013-08-24,25,159,12.98,No,36541,159.0,6,1,8,3,236,0,0,0,0,0,0,104.0,164.0,162.0,106.28571428571429,26.83104101418242,112.96666666666667
2013-08-25,25,126,13.47,No,31441,126.0,7,1,8,3,237,0,0,0,0,0,0,159.0,107.0,126.0,105.57142857142857,25.04567256604804,114.96666666666667
2013-08-26,11,88,12.99,No,28190,88.0,1,0,8,3,238,0,0,0,0,0,0,126.0,93.0,93.0,108.28571428571429,26.22793857520527,115.0
2013-08-27,10,78,13.16,No,29162,78.0,2,0,8,3,239,0,0,0,0,0,0,88.0,81.0,108.0,107.57142857142857,26.775966480266575,112.23333333333333
2013-08-28,9,78,13.36,No,40098,78.0,3,0,8,3,240,0,0,0,0,0,0,78.0,100.0,93.0,107.14285714285714,27.291198651021205,111.53333333333333
2013-08-29,15,90,10.54,No,35541,90.0,4,0,8,3,241,0,0,0,0,0,0,78.0,95.0,90.0,104.0,29.433540958119693,110.86666666666666
2013-08-30,18,111,10.85,No,34810,111.0,5,0,8,3,242,0,0,0,0,0,0,90.0,104.0,112.0,103.28571428571429,29.74734882144521,110.73333333333333
2013-08-31,14,177,15.01,No,33837,177.0,6,1,8,3,243,0,0,0,0,0,0,111.0,159.0,164.0,104.28571428571429,29.892665129951276,110.83333333333333
2013-09-01,13,141,11.74,No,36597,141.0,7,1,9,3,244,0,0,0,0,0,0,177.0,126.0,107.0,106.85714285714286,35.610993487163974,112.5
2013-09-02,9,158,10.48,No,36029,158.0,1,0,9,3,245,0,0,0,0,0,0,141.0,88.0,93.0,109.0,37.36308338453853,113.13333333333334
2013-09-03,10,64,10.54,No,29374,64.0,2,0,9,3,246,0,0,0,0,0,0,158.0,78.0,81.0,119.0,40.074929819027574,113.03333333333333
2013-09-04,13,57,12.29,No,31242,57.0,3,0,9,3,247,0,0,0,0,0,0,64.0,78.0,100.0,117.0,42.72391992003212,110.36666666666666
2013-09-05,14,64,10.97,No,30426,64.0,4,0,9,3,248,0,0,0,0,0,0,57.0,90.0,95.0,114.0,46.49014232429618,109.06666666666666
2013-09-06,14,82,8.02,No,31962,82.0,5,0,9,3,249,0,0,0,0,0,0,64.0,111.0,104.0,110.28571428571429,49.65787713852397,108.23333333333333
2013-09-07,16,127,11.89,No,38886,127.0,6,1,9,3,250,0,0,0,0,0,0,82.0,177.0,159.0,106.14285714285714,50.785262204135904,107.76666666666667
2013-09-08,15,94,12.3,No,30928,94.0,7,1,9,3,251,0,0,0,0,0,0,127.0,141.0,126.0,99.0,41.89669835838269,108.4
2013-09-09,8,68,9.87,No,30442,68.0,1,0,9,3,252,0,0,0,0,0,0,94.0,158.0,88.0,92.28571428571429,37.588625432499285,107.4
2013-09-10,11,57,11.59,No,33932,57.0,2,0,9,3,253,0,0,0,0,0,1,68.0,64.0,78.0,79.42857142857143,24.466692617086814,104.26666666666667
2013-09-11,22,261,8.1,Yes,44728,261.0,3,0,9,3,254,0,0,0,0,1,1,57.0,57.0,78.0,78.42857142857143,25.330200307518492,101.96666666666667
2013-09-12,35,286,10.6,Yes,54070,286.0,4,0,9,3,255,0,0,0,0,1,1,261.0,64.0,90.0,107.57142857142857,71.62135887861265,107.56666666666666
2013-09-13,49,380,9.31,Yes,61580,380.0,5,0,9,3,256,0,0,0,0,1,1,286.0,82.0,111.0,139.28571428571428,94.5827931597749,113.5
2013-09-14,16,129,11.63,No,34252,129.0,6,1,9,3,257,0,0,0,0,0,1,380.0,127.0,177.0,181.85714285714286,126.26087883350705,123.06666666666666
2013-09-15,12,106,7.86,No,32282,106.0,7,1,9,3,258,0,0,0,0,0,0,129.0,94.0,141.0,182.14285714285714,126.11823628567579,124.36666666666666
2013-09-16,9,84,8.75,No,31232,84.0,1,0,9,3,259,0,0,0,0,0,0,106.0,68.0,158.0,183.85714285714286,124.79507011019926,124.16666666666667
2013-09-17,14,70,15.15,No,31270,70.0,2,0,9,3,260,0,0,0,0,0,0,84.0,57.0,64.0,186.14285714285714,122.44376746276725,121.5
2013-09-18,13,65,7.75,No,27089,65.0,3,0,9,3,261,0,0,0,0,0,0,70.0,261.0,57.0,188.0,120.23726543796657,120.26666666666667
2013-09-19,14,70,8.62,No,33019,70.0,4,0,9,3,262,0,0,0,0,0,0,65.0,286.0,64.0,160.0,123.18955583435911,119.33333333333333
2013-09-20,18,110,13.14,No,32470,110.0,5,0,9,3,263,0,0,0,0,0,0,70.0,380.0,82.0,129.14285714285714,112.99915718185478,118.96666666666667
2013-09-21,18,138,13.75,No,43841,138.0,6,1,9,3,264,0,0,0,0,0,0,110.0,129.0,127.0,90.57142857142857,24.61610003539066,119.3
2013-09-22,18,103,12.1,No,33616,103.0,7,1,9,3,265,0,0,0,0,0,0,138.0,106.0,94.0,91.85714285714286,27.070454813495534,120.73333333333333
2013-09-23,12,63,12.48,No,22174,63.0,1,0,9,3,266,0,0,0,0,0,0,103.0,84.0,68.0,91.42857142857143,26.83192838676267,120.7
2013-09-24,8,65,6.74,No,34584,65.0,2,0,9,3,267,0,0,0,0,0,0,63.0,70.0,57.0,88.42857142857143,28.895542579303797,117.5
2013-09-25,16,67,12.56,No,34058,67.0,3,0,9,3,268,0,0,0,0,0,0,65.0,65.0,261.0,87.71428571428571,29.4828440832643,115.46666666666667
2013-09-26,18,74,9.29,No,27853,74.0,4,0,9,3,269,0,0,0,0,0,0,67.0,70.0,286.0,88.0,29.23468259904055,114.76666666666667
2013-09-27,6,98,11.4,No,38237,98.0,5,0,9,3,270,0,0,0,0,0,0,74.0,110.0,380.0,88.57142857142857,28.860914416427605,114.63333333333334
2013-09-28,17,151,7.35,No,39767,151.0,6,1,9,3,271,0,0,0,0,0,0,98.0,138.0,129.0,86.85714285714286,27.709376099246636,115.3
2013-09-29,16,95,11.45,No,33790,95.0,7,1,9,3,272,0,0,0,0,0,0,151.0,103.0,106.0,88.71428571428571,31.836636577556472,117.33333333333333
2013-09-30,10,51,9.15,No,26129,51.0,1,0,9,3,273,0,0,0,0,0,0,95.0,63.0,84.0,87.57142857142857,31.378639989952163,116.8
2013-10-01,9,51,10.1,No,24099,51.0,2,0,10,4,274,0,0,0,0,0,0,51.0,65.0,70.0,85.85714285714286,33.21861210942093,112.6
2013-10-02,13,63,7.76,No,25816,63.0,3,0,10,4,275,0,0,0,0,0,0,51.0,67.0,65.0,83.85714285714286,35.05437952395534,109.6
2013-10-03,17,79,13.1,No,38226,79.0,4,0,10,4,276,0,0,0,0,0,0,63.0,74.0,70.0,83.28571428571429,35.40581066112459,106.43333333333334
2013-10-04,12,107,10.95,No,34099,107.0,5,0,10,4,277,0,0,0,0,0,0,79.0,98.0,110.0,84.0,35.23729085310961,106.93333333333334
2013-10-05,18,176,12.12,No,45120,176.0,6,1,10,4,278,0,0,0,0,0,0,107.0,151.0,138.0,85.28571428571429,35.989416433697166,108.6
2013-10-06,16,114,10.66,No,29315,114.0,7,1,10,4,279,0,0,0,0,0,0,176.0,95.0,103.0,88.85714285714286,43.956146977901,112.33333333333333
2013-10-07,10,65,10.64,No,26913,65.0,1,0,10,4,280,0,0,0,0,0,0,114.0,51.0,63.0,91.57142857142857,44.973537192653936,113.4
2013-10-08,4,70,9.48,No,31933,70.0,2,0,10,4,281,0,0,0,0,0,0,65.0,51.0,65.0,93.57142857142857,43.14262062376015,111.33333333333333
2013-10-09,14,74,11.26,No,27510,74.0,3,0,10,4,282,0,0,0,0,0,0,70.0,63.0,67.0,96.28571428571429,40.5368732790046,110.53333333333333
2013-10-10,15,90,12.38,No,32048,90.0,4,0,10,4,283,0,0,0,0,0,0,74.0,79.0,74.0,97.85714285714286,39.22341380446345,110.73333333333333
2013-10-11,21,118,13.71,No,31134,118.0,5,0,10,4,284,0,0,0,0,0,1,90.0,107.0,98.0,99.42857142857143,38.5566991276358,111.83333333333333
2013-10-12,35,660,14.07,Yes,80890,659.22,6,1,10,4,285,0,0,0,0,1,1,118.0,176.0,151.0,101.0,39.13651321549547,107.06666666666666
2013-10-13,38,514,10.47,Yes,59886,514.0,7,1,10,4,286,0,0,0,0,1,1,659.22,114.0,95.0,170.03142857142856,216.72455694026092,119.50733333333332
2013-10-14,32,300,10.72,Yes,58521,300.0,1,0,10,4,287,0,0,0,0,1,1,514.0,65.0,51.0,227.17428571428573,249.71147209377094,123.974
2013-10-15,5,69,12.67,No,30680,69.0,2,0,10,4,288,0,0,0,0,0,1,300.0,70.0,51.0,260.7457142857143,239.87799529880078,129.674
2013-10-16,10,74,11.4,No,31164,74.0,3,0,10,4,289,0,0,0,0,0,0,69.0,74.0,63.0,260.60285714285715,240.010785987789,128.4406666666667
2013-10-17,18,67,10.86,No,35764,67.0,4,0,10,4,290,0,0,0,0,0,0,74.0,90.0,79.0,260.60285714285715,240.010785987789,128.10733333333334
2013-10-18,21,92,9.34,No,34554,92.0,5,0,10,4,291,0,0,0,0,0,0,67.0,118.0,107.0,257.31714285714287,242.875902586368,128.00733333333335
2013-10-19,22,140,9.94,No,35158,140.0,6,1,10,4,292,0,0,0,0,0,0,92.0,659.22,176.0,253.60285714285715,245.5456998682925,128.90733333333336
2013-10-20,13,106,9.6,No,31255,106.0,7,1,10,4,293,0,0,0,0,0,0,140.0,514.0,114.0,179.42857142857142,169.1270303084412,131.24066666666667
2013-10-21,10,53,12.88,No,28856,53.0,1,0,10,4,294,0,0,0,0,0,0,106.0,300.0,65.0,121.14285714285714,82.96269959330807,131.10733333333334
2013-10-22,10,55,7.39,No,32513,55.0,2,0,10,4,295,0,0,0,0,0,0,53.0,69.0,70.0,85.85714285714286,29.537707942156267,128.274
2013-10-23,10,71,8.52,No,39750,71.0,3,0,10,4,296,0,0,0,0,0,0,55.0,74.0,74.0,83.85714285714286,31.291258478092352,126.674
2013-10-24,18,73,9.16,No,38173,73.0,4,0,10,4,297,0,0,0,0,0,0,71.0,67.0,90.0,83.42857142857143,31.468805415611875,126.94066666666667
2013-10-25,31,119,14.63,No,35724,119.0,5,0,10,4,298,0,0,0,0,0,0,73.0,92.0,118.0,84.28571428571429,31.025335269282078,127.20733333333334
2013-10-26,18,151,9.76,No,38770,151.0,6,1,10,4,299,0,0,0,0,0,0,119.0,140.0,659.22,88.14285714285714,33.70671827904327,128.9406666666667
2013-10-27,10,108,10.08,No,32151,108.0,7,1,10,4,300,0,0,0,0,0,0,151.0,106.0,514.0,89.71428571428571,36.65475997154206,131.50733333333335
2013-10-28,13,76,10.64,No,33723,76.0,1,0,10,4,301,0,0,0,0,0,0,108.0,53.0,300.0,90.0,36.81032463861102,131.84066666666666
2013-10-29,7,76,7.43,No,33866,76.0,2,0,10,4,302,0,0,0,0,0,0,76.0,55.0,69.0,93.28571428571429,33.8659823702886,129.34066666666666
2013-10-30,12,66,6.9,No,26877,66.0,3,0,10,4,303,0,0,0,0,0,0,76.0,71.0,74.0,96.28571428571429,30.69046695481677,128.70733333333334
2013-10-31,22,50,6.99,No,32300,50.0,4,0,10,4,304,0,0,0,0,0,0,66.0,73.0,67.0,95.57142857142857,31.426406851865607,129.20733333333334
2013-11-01,23,87,10.61,No,43142,87.0,5,0,11,4,305,0,0,0,0,0,0,50.0,119.0,92.0,92.28571428571429,35.16017769064927,129.174
2013-11-02,24,137,12.53,No,50406,137.0,6,1,11,4,306,0,0,0,0,0,0,87.0,151.0,140.0,87.71428571428571,33.12961558140029,129.97400000000002
2013-11-03,23,121,14.33,No,47009,121.0,7,1,11,4,307,0,0,0,0,0,0,137.0,108.0,106.0,85.71428571428571,28.81385248865598,131.90733333333336
2013-11-04,8,57,7.94,No,39517,57.0,1,0,11,4,308,0,0,0,0,0,0,121.0,76.0,53.0,87.57142857142857,30.83751580384375,132.374
2013-11-05,13,69,8.84,No,36168,69.0,2,0,11,4,309,0,0,0,0,0,0,57.0,76.0,55.0,84.85714285714286,32.79953542063445,128.40733333333336
2013-11-06,18,66,10.46,No,36540,66.0,3,0,11,4,310,0,0,0,0,0,0,69.0,66.0,71.0,83.85714285714286,33.21861210942023,126.90733333333334
2013-11-07,18,66,12.6,No,39510,66.0,4,0,11,4,311,0,0,0,0,0,0,66.0,50.0,73.0,83.85714285714286,33.21861210942023,126.94066666666667
2013-11-08,15,116,7.69,No,44592,116.0,5,0,11,4,312,0,0,0,0,0,1,66.0,87.0,119.0,86.14285714285714,30.975412676445842,126.80733333333335
2013-11-09,40,670,9.51,Yes,85350,659.22,6,1,11,4,313,0,0,0,0,1,1,116.0,137.0,151.0,90.28571428571429,32.98340130891137,128.20733333333334
2013-11-10,55,513,14.37,Yes,86667,513.0,7,1,11,4,314,0,0,0,0,1,1,659.22,121.0,108.0,164.88857142857142,219.49651534277038,147.18133333333336
2013-11-11,32,463,13.41,Yes,54125,463.0,1,0,11,4,315,0,0,0,0,1,1,513.0,57.0,76.0,220.88857142857142,253.7635649857673,160.348
2013-11-12,15,72,12.43,No,47347,72.0,2,0,11,4,316,0,0,0,0,0,1,463.0,69.0,76.0,278.8885714285714,256.44562824820997,153.80733333333333
2013-11-13,11,68,8.16,No,45341,68.0,3,0,11,4,317,0,0,0,0,0,0,72.0,66.0,66.0,279.31714285714287,256.03858574534473,139.074
2013-11-14,13,79,13.99,No,43213,79.0,4,0,11,4,318,0,0,0,0,0,0,68.0,66.0,50.0,279.60285714285715,255.76183724409756,131.34066666666666
2013-11-15,19,102,13.03,No,37981,102.0,5,0,11,4,319,0,0,0,0,0,0,79.0,116.0,87.0,281.46,253.9934012266199,131.674
2013-11-16,16,188,9.43,No,48566,188.0,6,1,11,4,320,0,0,0,0,0,0,102.0,659.22,137.0,279.46,255.56367999646073,132.60733333333334
2013-11-17,17,140,11.07,No,48310,140.0,7,1,11,4,321,0,0,0,0,0,0,188.0,513.0,121.0,212.14285714285714,193.34893204724338,136.64066666666668
2013-11-18,9,79,9.25,No,39161,79.0,1,0,11,4,322,0,0,0,0,0,0,140.0,463.0,57.0,158.85714285714286,140.89999831018278,138.24066666666667
2013-11-19,15,68,16.46,No,37061,68.0,2,0,11,4,323,0,0,0,0,0,0,79.0,72.0,69.0,104.0,44.58325545164476,136.20733333333334
2013-11-20,12,70,12.87,No,50561,70.0,3,0,11,4,324,0,0,0,0,0,0,68.0,68.0,66.0,103.42857142857143,45.08457660463269,134.9406666666667
2013-11-21,16,84,10.98,No,39843,84.0,4,0,11,4,325,0,0,0,0,0,0,70.0,79.0,66.0,103.71428571428571,44.828243648077205,135.50733333333335
2013-11-22,17,108,12.72,No,48206,108.0,5,0,11,4,326,0,0,0,0,0,0,84.0,102.0,116.0,104.42857142857143,44.40667045560078,136.47400000000002
2013-11-23,24,230,16.24,No,73686,230.0,6,1,11,4,327,0,0,0,0,0,0,108.0,188.0,659.22,105.28571428571429,44.40988735898845,137.70733333333334
2013-11-24,40,160,12.53,No,51416,160.0,7,1,11,4,328,0,0,0,0,0,0,230.0,140.0,513.0,111.28571428571429,58.157012433910715,142.9406666666667
2013-11-25,14,88,14.78,No,48860,88.0,1,0,11,4,329,0,0,0,0,0,0,160.0,79.0,463.0,114.14285714285714,60.25619904880722,144.30733333333333
2013-11-26,13,85,14.06,No,35680,85.0,2,0,11,4,330,0,0,0,0,0,0,88.0,68.0,72.0,115.42857142857143,59.472282459582246,142.20733333333334
2013-11-27,23,175,24.09,No,65270,175.0,3,0,11,4,331,0,0,0,0,0,0,85.0,70.0,68.0,117.85714285714286,57.52804698993479,141.4406666666667
2013-11-28,43,393,19.65,No,72759,393.0,4,0,11,4,332,0,0,0,0,0,0,175.0,84.0,79.0,132.85714285714286,56.65223905968902,144.74066666666667
2013-11-29,62,818,21.72,No,105102,659.22,5,0,11,4,333,1,0,0,0,0,0,393.0,108.0,102.0,177.0,108.70755876816166,155.30733333333333
2013-11-30,21,265,24.51,No,66385,265.0,6,1,11,4,334,0,0,0,0,0,0,659.22,230.0,188.0,255.74571428571429,206.2655714410546,175.08133333333336
2013-12-01,26,189,18.13,No,53559,189.0,7,1,12,4,335,0,0,0,0,0,0,265.0,160.0,140.0,260.7457142857143,205.9614509932335,182.24800000000002
2013-12-02,14,90,14.16,No,56760,90.0,1,0,12,4,336,0,0,0,0,0,0,189.0,88.0,79.0,264.8885714285714,203.87836303611462,185.64800000000002
2013-12-03,15,67,16.59,No,54799,67.0,2,0,12,4,337,0,0,0,0,0,0,90.0,85.0,68.0,265.1742857142857,203.59035494976538,184.08133333333336
2013-12-04,12,101,16.07,No,48549,101.0,3,0,12,4,338,0,0,0,0,0,0,67.0,175.0,70.0,262.60285714285715,206.34040820242382,182.28133333333335
2013-12-05,18,90,18.92,No,54524,90.0,4,0,12,4,339,0,0,0,0,0,0,101.0,393.0,84.0,252.03142857142856,213.35304133669874,183.74800000000002
2013-12-06,23,125,12.94,No,53209,125.0,5,0,12,4,340,0,0,0,0,0,0,90.0,659.22,108.0,208.74571428571429,210.7065873718825,184.448
2013-12-07,24,190,15.72,No,65983,190.0,6,1,12,4,341,0,0,0,0,0,0,125.0,265.0,230.0,132.42857142857142,70.35589798270162,186.41466666666668
2013-12-08,23,181,16.7,No,54231,181.0,7,1,12,4,342,0,0,0,0,0,0,190.0,189.0,160.0,121.71428571428571,49.38864338325185,190.54800000000003
2013-12-09,15,94,15.12,No,51918,94.0,1,0,12,4,343,0,0,0,0,0,0,181.0,90.0,88.0,120.57142857142857,47.6335216098108,192.7146666666667
2013-12-10,12,98,19.92,No,56093,98.0,2,0,12,4,344,0,0,0,0,0,0,94.0,67.0,85.0,121.14285714285714,47.22791749035862,173.87399999999997
2013-12-11,11,114,16.75,No,56731,114.0,3,0,12,4,345,0,0,0,0,0,0,98.0,101.0,175.0,125.57142857142857,42.5239428356032,160.04066666666665
2013-12-12,21,123,13.84,No,50441,123.0,4,0,12,4,346,0,0,0,0,0,0,114.0,90.0,393.0,127.42857142857143,41.54458305185306,148.4073333333333
2013-12-13,20,147,15.36,No,65801,147.0,5,0,12,4,347,0,0,0,0,0,0,123.0,125.0,659.22,132.14285714285714,38.33809494236069,150.10733333333332
2013-12-14,42,310,28.01,No,87785,310.0,6,1,12,4,348,0,0,0,0,0,0,147.0,190.0,265.0,135.28571428571428,38.55608160292445,152.74066666666664
2013-12-15,15,227,24.18,No,73417,227.0,7,1,12,4,349,0,0,0,0,0,0,310.0,181.0,189.0,152.42857142857142,75.71185979941099,160.44066666666666
2013-12-16,13,140,19.97,No,45817,140.0,1,0,12,4,350,0,0,0,0,0,0,227.0,94.0,90.0,159.0,80.45288476286369,164.60733333333332
2013-12-17,15,140,17.14,No,53096,140.0,2,0,12,4,351,0,0,0,0,0,0,140.0,98.0,67.0,165.57142857142858,76.01503610658666,163.00733333333332
2013-12-18,13,189,19.01,No,56767,189.0,3,0,12,4,352,0,0,0,0,0,0,140.0,114.0,101.0,171.57142857142858,71.30417739716012,163.00733333333332
2013-12-19,24,169,18.68,No,49462,169.0,4,0,12,4,353,0,0,0,0,0,0,189.0,123.0,90.0,182.28571428571428,66.69761186557882,166.67399999999998
2013-12-20,18,238,19.09,No,49069,238.0,5,0,12,4,354,0,0,0,0,0,0,169.0,147.0,125.0,188.85714285714286,61.982332352126775,170.04066666666665
2013-12-21,25,344,23.8,No,63129,344.0,6,1,12,4,355,0,0,0,0,0,0,238.0,310.0,190.0,201.85714285714286,61.27922043517561,175.64066666666665
2013-12-22,25,357,21.94,No,64142,357.0,7,1,12,4,356,0,0,0,0,0,0,344.0,227.0,181.0,206.71428571428572,71.7349619216791,184.3073333333333
2013-12-23,14,319,19.43,No,59857,319.0,1,0,12,4,357,0,0,0,0,0,0,357.0,140.0,94.0,225.28571428571428,91.86532585931484,192.60733333333332
2013-12-24,15,158,21.95,No,54615,158.0,2,0,12,4,358,0,0,0,0,0,0,319.0,140.0,98.0,250.85714285714286,89.03824753334685,195.57399999999998
2013-12-25,0,0,0.0,No,0,0.0,3,0,12,4,359,0,0,0,0,0,0,158.0,189.0,114.0,253.42857142857142,85.49241124773827,195.50733333333332
2013-12-26,26,319,17.21,No,50458,319.0,4,0,12,4,360,0,0,0,0,0,0,0.0,169.0,123.0,226.42857142857142,128.33920827616316,192.57399999999998
2013-12-27,25,208,20.05,No,52986,208.0,5,0,12,4,361,0,0,0,0,0,0,319.0,238.0,147.0,247.85714285714286,129.66807442007283,200.37399999999997
2013-12-28,22,272,17.33,No,53680,272.0,6,1,12,4,362,0,0,0,0,0,0,208.0,344.0,310.0,243.57142857142858,130.5409988507534,201.474
2013-12-29,13,217,22.11,No,58826,217.0,7,1,12,4,363,0,0,0,0,0,0,272.0,357.0,227.0,233.28571428571428,123.98079728424926,197.44066666666666
2013-12-30,16,259,15.68,No,47531,259.0,1,0,12,4,364,0,0,0,0,0,0,217.0,319.0,140.0,213.28571428571428,111.34587896237902,182.7
2013-12-31,15,203,17.24,No,45472,203.0,2,0,12,4,365,0,0,0,0,0,0,259.0,158.0,140.0,204.71428571428572,103.91296724617555,182.5
2014-01-01,10,119,19.84,No,42355,119.0,3,0,1,1,1,0,0,0,0,0,0,203.0,0.0,189.0,211.14285714285714,101.91406277092571,182.96666666666667
2014-01-02,18,132,17.68,No,38449,132.0,4,0,1,1,2,0,0,0,0,0,0,119.0,319.0,169.0,228.14285714285714,63.514902638222374,183.93333333333334
2014-01-03,17,135,12.97,No,49785,135.0,5,0,1,1,3,0,0,0,0,0,0,132.0,208.0,238.0,201.42857142857142,58.019701087524595,186.1
2014-01-04,16,165,20.71,No,48343,165.0,6,1,1,1,4,0,0,0,0,0,0,135.0,272.0,344.0,191.0,62.98941710054671,187.23333333333332
2014-01-05,15,103,18.52,No,37970,103.0,7,1,1,1,5,0,0,0,0,0,0,165.0,217.0,357.0,175.71428571428572,52.09835021608709,189.73333333333332
2014-01-06,8,73,21.62,No,42467,73.0,1,0,1,1,6,0,0,0,0,0,0,103.0,259.0,319.0,159.42857142857142,54.79007556987246,189.0
2014-01-07,7,70,18.86,No,40319,70.0,2,0,1,1,7,0,0,0,0,0,0,73.0,203.0,158.0,132.85714285714286,42.08098767625892,185.1
2014-01-08,13,73,19.16,No,36718,73.0,3,0,1,1,8,0,0,0,0,0,0,70.0,119.0,0.0,113.85714285714286,34.4694481699776,181.4
2014-01-09,14,77,17.21,No,39760,77.0,4,0,1,1,9,0,0,0,0,0,0,73.0,132.0,319.0,107.28571428571429,37.57088538444813,180.7
2014-01-10,15,95,16.04,No,39216,95.0,5,0,1,1,10,0,0,0,0,0,0,77.0,135.0,208.0,99.42857142857143,37.291004915648905,180.0
2014-01-11,22,138,16.26,No,36287,138.0,6,1,1,1,11,0,0,0,0,0,0,95.0,165.0,272.0,93.71428571428571,33.836441330386094,179.36666666666667
2014-01-12,17,110,19.01,No,34298,110.0,7,1,1,1,12,0,0,0,0,0,0,138.0,103.0,217.0,89.85714285714286,24.647032082506108,179.86666666666667
2014-01-13,9,63,13.91,No,38437,63.0,1,0,1,1,13,0,0,0,0,0,0,110.0,73.0,259.0,90.85714285714286,25.399662539938458,178.63333333333333
2014-01-14,10,70,17.61,No,39587,70.0,2,0,1,1,14,0,0,0,0,0,0,63.0,70.0,203.0,89.42857142857143,26.813287395473825,170.4
2014-01-15,10,70,15.54,No,37637,70.0,3,0,1,1,15,0,0,0,0,0,0,70.0,73.0,119.0,89.42857142857143,26.813287395473825,165.16666666666666
2014-01-16,18,70,17.8,No,29546,70.0,4,0,1,1,16,0,0,0,0,0,0,70.0,77.0,132.0,89.0,27.141603981094427,162.83333333333334
2014-01-17,11,79,16.28,No,34488,79.0,5,0,1,1,17,0,0,0,0,0,1,70.0,95.0,135.0,88.0,27.77888886666564,160.5
2014-01-18,27,527,17.42,Yes,65311,527.0,6,1,1,1,18,0,0,0,0,1,1,79.0,138.0,165.0,85.71428571428571,27.765171742754507,156.83333333333334
2014-01-19,36,354,17.57,Yes,47871,354.0,7,1,1,1,19,0,0,0,0,1,1,527.0,110.0,103.0,141.28571428571428,170.7861374992265,168.76666666666668
2014-01-20,25,317,18.92,Yes,43565,317.0,1,0,1,1,20,0,0,0,0,1,1,354.0,63.0,73.0,176.14285714285714,187.4259218744199,172.63333333333333
2014-01-21,7,57,13.16,No,32542,57.0,2,0,1,1,21,0,0,0,0,0,1,317.0,70.0,70.0,212.42857142857142,186.45540766526202,171.73333333333332
2014-01-22,8,66,15.61,No,32692,66.0,3,0,1,1,22,0,0,0,0,0,0,57.0,70.0,73.0,210.57142857142858,188.16735205915072,161.73333333333332
2014-01-23,14,59,12.83,No,27306,59.0,4,0,1,1,23,0,0,0,0,0,0,66.0,70.0,77.0,210.0,188.6707891186833,153.3
2014-01-24,16,94,14.53,No,24720,94.0,5,0,1,1,24,0,0,0,0,0,0,59.0,79.0,95.0,208.42857142857142,190.0717909482775,150.0
2014-01-25,14,127,14.03,No,34321,127.0,6,1,1,1,25,0,0,0,0,0,0,94.0,527.0,138.0,210.57142857142858,188.44703689441687,153.13333333333333
2014-01-26,13,115,12.29,No,27527,115.0,7,1,1,1,26,0,0,0,0,0,0,127.0,354.0,110.0,153.42857142857142,127.1965108835629,146.73333333333332
2014-01-27,10,56,17.19,No,27120,56.0,1,0,1,1,27,0,0,0,0,0,0,115.0,317.0,63.0,119.28571428571429,91.43433761578864,143.63333333333333
2014-01-28,15,63,10.43,No,25653,63.0,2,0,1,1,28,0,0,0,0,0,0,56.0,57.0,70.0,82.0,29.84403904746416,136.43333333333334
2014-01-29,8,63,15.04,No,20482,63.0,3,0,1,1,29,0,0,0,0,0,0,63.0,66.0,70.0,82.85714285714286,29.082804607008303,131.3
2014-01-30,15,61,12.77,No,23183,61.0,4,0,1,1,30,0,0,0,0,0,0,63.0,59.0,70.0,82.42857142857143,29.393066885785842,124.76666666666667
2014-01-31,14,69,7.27,No,26191,69.0,5,0,1,1,31,0,0,0,0,0,0,61.0,94.0,79.0,82.71428571428571,29.13597024134706,120.03333333333333
2014-02-01,12,124,9.93,No,31015,124.0,6,1,2,1,32,0,0,0,0,0,0,69.0,127.0,527.0,79.14285714285714,29.05413666145931,118.36666666666666
2014-02-02,12,69,10.45,No,20641,69.0,7,1,2,1,33,0,0,0,0,0,0,124.0,115.0,354.0,78.71428571428571,28.241307132838685,118.1
2014-02-03,9,56,5.83,No,17556,56.0,1,0,2,1,34,0,0,0,0,0,0,69.0,56.0,317.0,72.14285714285714,23.312575800972358,115.9
2014-02-04,7,39,9.94,No,21640,39.0,2,0,2,1,35,0,0,0,0,0,0,56.0,63.0,57.0,72.14285714285714,23.312575800972358,112.26666666666667
2014-02-05,8,46,8.35,No,20859,46.0,3,0,2,1,36,0,0,0,0,0,0,39.0,63.0,66.0,68.71428571428571,26.436806953651775,110.13333333333334
2014-02-06,13,50,11.11,No,22869,50.0,4,0,2,1,37,0,0,0,0,0,0,46.0,61.0,59.0,66.28571428571429,27.795169158890104,109.23333333333333
2014-02-07,15,80,11.82,No,24427,80.0,5,0,2,1,38,0,0,0,0,0,0,50.0,69.0,94.0,64.71428571428571,28.447110490135568,108.56666666666666
2014-02-08,29,149,11.62,No,24989,149.0,6,1,2,1,39,0,0,0,0,0,0,80.0,124.0,127.0,66.28571428571429,29.02133861898831,108.8
2014-02-09,16,106,9.06,No,26882,106.0,7,1,2,1,40,0,0,0,0,0,0,149.0,69.0,115.0,69.85714285714286,37.58292418740298,111.2
2014-02-10,13,54,6.11,No,23616,54.0,1,0,2,1,41,0,0,0,0,0,0,106.0,56.0,56.0,75.14285714285714,39.968439930476194,111.56666666666666
2014-02-11,7,69,11.14,No,24585,69.0,2,0,2,1,42,0,0,0,0,0,0,54.0,39.0,63.0,74.85714285714286,40.13489160081807,108.76666666666667
2014-02-12,11,73,11.77,No,26532,73.0,3,0,2,1,43,0,0,0,0,0,0,69.0,46.0,63.0,79.14285714285714,37.15924546878502,107.4
2014-02-13,16,97,8.08,No,29654,97.0,4,0,2,1,44,0,0,0,0,0,0,73.0,50.0,61.0,83.0,34.44802848736871,107.73333333333333
2014-02-14,13,129,8.38,No,32275,129.0,5,0,2,1,45,0,0,0,0,0,1,97.0,80.0,69.0,89.71428571428571,31.388502596301084,108.63333333333334
2014-02-15,53,480,13.46,Yes,59753,480.0,6,1,2,1,46,0,0,0,0,1,1,129.0,149.0,124.0,96.71428571428571,34.19899747903933,110.6
2014-02-16,40,424,11.83,Yes,50378,424.0,7,1,2,1,47,0,0,0,0,1,1,480.0,106.0,69.0,144.0,150.29970059850402,124.26666666666667
2014-02-17,22,327,10.27,Yes,47833,327.0,1,0,2,1,48,0,0,0,0,1,1,424.0,54.0,56.0,189.42857142857142,181.6818254924958,135.76666666666668
2014-02-18,11,49,10.22,No,24267,49.0,2,0,2,1,49,0,0,0,0,0,1,327.0,69.0,39.0,228.42857142857142,177.00645670225063,129.1
2014-02-19,12,65,10.74,No,29607,65.0,3,0,2,1,50,0,0,0,0,0,0,49.0,73.0,46.0,225.57142857142858,180.14240398719485,118.93333333333334
2014-02-20,15,52,13.41,No,25244,52.0,4,0,2,1,51,0,0,0,0,0,0,65.0,97.0,50.0,224.42857142857142,181.29336919558233,110.53333333333333
2014-02-21,19,69,12.63,No,20467,69.0,5,0,2,1,52,0,0,0,0,0,0,52.0,129.0,80.0,218.0,187.26451879627382,110.36666666666666
2014-02-22,22,125,10.05,No,27766,125.0,6,1,2,1,53,0,0,0,0,0,0,69.0,480.0,149.0,209.42857142857142,193.29326349949628,110.46666666666667
2014-02-23,11,84,8.16,No,21963,84.0,7,1,2,1,54,0,0,0,0,0,0,125.0,424.0,106.0,158.71428571428572,152.80130266211097,112.66666666666667
2014-02-24,8,45,8.72,No,24694,45.0,1,0,2,1,55,0,0,0,0,0,0,84.0,327.0,54.0,110.14285714285714,98.97883371615079,112.33333333333333
2014-02-25,9,49,11.32,No,19854,49.0,2,0,2,1,56,0,0,0,0,0,0,45.0,49.0,69.0,69.85714285714286,27.79945186167158,109.6
2014-02-26,9,52,10.98,No,22570,52.0,3,0,2,1,57,0,0,0,0,0,0,49.0,65.0,73.0,69.85714285714286,27.79945186167158,107.4
2014-02-27,14,47,7.69,No,23609,47.0,4,0,2,1,58,0,0,0,0,0,0,52.0,52.0,97.0,68.0,28.60069929214792,107.26666666666667
2014-02-28,13,62,7.06,No,28312,62.0,5,0,2,1,59,0,0,0,0,0,0,47.0,69.0,129.0,67.28571428571429,29.124527382224848,106.73333333333333
2014-03-01,14,107,8.34,No,28151,107.0,6,1,3,1,60,0,0,0,0,0,0,62.0,125.0,480.0,66.28571428571429,29.175984906048406,106.7
2014-03-02,14,86,6.26,No,25746,86.0,7,1,3,1,61,0,0,0,0,0,0,107.0,84.0,424.0,63.714285714285715,23.350333942750417,108.23333333333333
2014-03-03,8,51,8.38,No,24030,51.0,1,0,3,1,62,0,0,0,0,0,0,86.0,45.0,327.0,64.0,23.65022903341954,108.8
2014-03-04,9,49,7.47,No,23137,49.0,2,0,3,1,63,0,0,0,0,0,0,51.0,49.0,49.0,64.85714285714286,22.945068979544565,106.36666666666666
2014-03-05,11,53,8.33,No,27313,53.0,3,0,3,1,64,0,0,0,0,0,0,49.0,52.0,65.0,64.85714285714286,22.945068979544565,105.7
2014-03-06,16,58,7.39,No,24614,58.0,4,0,3,1,65,0,0,0,0,0,0,53.0,47.0,52.0,65.0,22.854612955226376,105.6
2014-03-07,15,68,13.88,No,26449,68.0,5,0,3,1,66,0,0,0,0,0,0,58.0,62.0,69.0,66.57142857142857,21.762790437324824,106.23333333333333
2014-03-08,12,121,10.08,No,29737,121.0,6,1,3,1,67,0,0,0,0,0,0,68.0,107.0,125.0,67.42857142857143,21.670695596102064,106.96666666666667
2014-03-09,20,87,11.46,No,29047,87.0,7,1,3,1,68,0,0,0,0,0,0,121.0,86.0,84.0,69.42857142857143,26.120599424316158,109.33333333333333
2014-03-10,15,55,8.65,No,28847,55.0,1,0,3,1,69,0,0,0,0,0,0,87.0,51.0,45.0,69.57142857142857,26.22884635191286,109.56666666666666
2014-03-11,7,49,7.27,No,27899,49.0,2,0,3,1,70,0,0,0,0,0,0,55.0,49.0,49.0,70.14285714285714,25.79682520148676,106.43333333333334
2014-03-12,12,55,7.71,No,22880,55.0,3,0,3,1,71,0,0,0,0,0,0,49.0,53.0,52.0,70.14285714285714,25.79682520148676,104.53333333333333
2014-03-13,15,59,11.38,No,24628,59.0,4,0,3,1,72,0,0,0,0,0,0,55.0,58.0,47.0,70.42857142857143,25.585524181046594,104.56666666666666
2014-03-14,15,100,9.12,No,28430,100.0,5,0,3,1,73,0,0,0,0,0,0,59.0,68.0,62.0,70.57142857142857,25.50723520138786,104.23333333333333
2014-03-15,14,149,11.69,No,31787,149.0,6,1,3,1,74,0,0,0,0,0,0,100.0,121.0,107.0,75.14285714285714,27.739433852839657,105.13333333333334
2014-03-16,12,110,9.8,No,28834,110.0,7,1,3,1,75,0,0,0,0,0,0,149.0,87.0,86.0,79.14285714285714,36.18668526510918,106.86666666666666
2014-03-17,7,66,8.17,No,25385,66.0,1,0,3,1,76,0,0,0,0,0,0,110.0,55.0,51.0,82.42857142857143,38.01691352918588,106.23333333333333
2014-03-18,7,57,10.9,No,28065,57.0,2,0,3,1,77,0,0,0,0,0,0,66.0,49.0,49.0,84.0,36.90528417449029,92.43333333333334
2014-03-19,10,72,7.31,No,25963,72.0,3,0,3,1,78,0,0,0,0,0,0,57.0,55.0,53.0,85.14285714285714,35.74646169636105,80.2
2014-03-20,17,68,9.91,No,32197,68.0,4,0,3,1,79,0,0,0,0,0,0,72.0,59.0,58.0,87.57142857142857,33.886364725145725,71.7
2014-03-21,16,93,9.1,No,25731,93.0,5,0,3,1,80,0,0,0,0,0,0,68.0,100.0,68.0,88.85714285714286,32.774118708864535,72.33333333333333
2014-03-22,20,146,9.57,No,28380,146.0,6,1,3,1,81,0,0,0,0,0,0,93.0,149.0,121.0,87.85714285714286,32.482962567209654,73.26666666666667
2014-03-23,15,106,11.24,No,29144,106.0,7,1,3,1,82,0,0,0,0,0,0,146.0,110.0,87.0,87.42857142857143,31.54814914199564,76.4
2014-03-24,7,59,8.71,No,28113,59.0,1,0,3,1,83,0,0,0,0,0,0,106.0,66.0,55.0,86.85714285714286,31.10427929523647,77.63333333333334
2014-03-25,8,72,11.82,No,22878,72.0,2,0,3,1,84,0,0,0,0,0,0,59.0,57.0,49.0,85.85714285714286,31.986604339047023,75.43333333333334
2014-03-26,12,74,9.19,No,27539,74.0,3,0,3,1,85,0,0,0,0,0,0,72.0,72.0,55.0,88.0,30.18277654557126,75.03333333333333
2014-03-27,22,84,10.69,No,24128,84.0,4,0,3,1,86,0,0,0,0,0,0,74.0,68.0,59.0,88.28571428571429,30.015075577193684,76.0
2014-03-28,19,107,14.69,No,31896,107.0,5,0,3,1,87,0,0,0,0,0,0,84.0,93.0,100.0,90.57142857142857,28.79732130399637,77.16666666666667
2014-03-29,18,154,12.98,No,40802,154.0,6,1,3,1,88,0,0,0,0,0,0,107.0,146.0,149.0,92.57142857142857,29.47234377546072,79.0
2014-03-30,13,107,15.24,No,35916,107.0,7,1,3,1,89,0,0,0,0,0,0,154.0,106.0,110.0,93.71428571428571,31.941166153382483,82.56666666666666
2014-03-31,10,78,7.22,No,30372,78.0,1,0,3,1,90,0,0,0,0,0,0,107.0,59.0,66.0,93.85714285714286,32.007439611379134,84.06666666666666
2014-04-01,8,61,12.37,No,24108,61.0,2,0,4,2,91,0,0,0,0,0,0,78.0,72.0,57.0,96.57142857142857,29.245268237539012,83.1
2014-04-02,12,71,8.54,No,26423,71.0,3,0,4,2,92,0,0,0,0,0,0,61.0,74.0,72.0,95.0,31.026870075251857,82.26666666666667
2014-04-03,13,67,11.82,No,25788,67.0,4,0,4,2,93,0,0,0,0,0,0,71.0,84.0,68.0,94.57142857142857,31.383951009270216,82.93333333333334
2014-04-04,21,86,11.61,No,28684,86.0,5,0,4,2,94,0,0,0,0,0,0,67.0,107.0,93.0,92.14285714285714,32.95668152503749,83.53333333333333
2014-04-05,13,147,11.46,No,35827,147.0,6,1,4,2,95,0,0,0,0,0,0,86.0,154.0,146.0,89.14285714285714,32.32866927577974,84.63333333333334
2014-04-06,16,117,9.7,No,21735,117.0,7,1,4,2,96,0,0,0,0,0,0,147.0,107.0,106.0,88.14285714285714,30.013489030924255,87.6
2014-04-07,8,61,9.65,No,18379,61.0,1,0,4,2,97,0,0,0,0,0,0,117.0,78.0,59.0,89.57142857142857,31.272230188335925,89.23333333333333
2014-04-08,10,67,9.21,No,27845,67.0,2,0,4,2,98,0,0,0,0,0,0,61.0,61.0,72.0,87.14285714285714,32.93644673927972,87.23333333333333
2014-04-09,11,67,10.09,No,27358,67.0,3,0,4,2,99,0,0,0,0,0,0,67.0,71.0,74.0,88.0,32.212833881336074,86.56666666666666
2014-04-10,15,69,11.02,No,24175,69.0,4,0,4,2,100,0,0,0,0,0,0,67.0,67.0,84.0,87.42857142857143,32.597838081979205,86.96666666666667
2014-04-11,19,100,7.87,No,28800,100.0,5,0,4,2,101,0,0,0,0,0,0,69.0,86.0,107.0,87.71428571428571,32.397089816391144,87.63333333333334
2014-04-12,15,155,7.75,No,32487,155.0,6,1,4,2,102,0,0,0,0,0,0,100.0,147.0,154.0,89.71428571428571,32.70430290605988,89.13333333333334
2014-04-13,17,111,10.17,No,35498,111.0,7,1,4,2,103,0,0,0,0,0,0,155.0,117.0,107.0,90.85714285714286,35.09239505186387,92.33333333333333
2014-04-14,8,73,7.08,No,26955,73.0,1,0,4,2,104,0,0,0,0,0,0,111.0,61.0,78.0,90.0,34.41414437892103,92.7
2014-04-15,10,88,7.66,No,32791,88.0,2,0,4,2,105,0,0,0,0,0,0,73.0,67.0,61.0,91.71428571428571,32.99855696700466,90.16666666666667
2014-04-16,10,82,9.91,No,27527,82.0,3,0,4,2,106,0,0,0,0,0,0,88.0,67.0,71.0,94.71428571428571,31.287453745945108,89.43333333333334
2014-04-17,17,100,7.96,No,30338,100.0,4,0,4,2,107,0,0,0,0,0,0,82.0,69.0,67.0,96.85714285714286,29.53770794215565,89.96666666666667
2014-04-18,24,152,14.04,No,44844,152.0,5,0,4,2,108,0,0,0,0,0,0,100.0,100.0,86.0,101.28571428571429,26.868285429194405,91.4
2014-04-19,19,179,17.0,No,36947,179.0,6,1,4,2,109,0,0,0,0,0,0,152.0,155.0,147.0,108.71428571428571,32.953069081720855,94.06666666666666
2014-04-20,6,0,0.0,No,21268,0.0,7,1,4,2,110,0,0,0,0,0,0,179.0,111.0,117.0,112.14285714285714,39.22341380446249,97.76666666666667
2014-04-21,8,77,16.62,No,33607,77.0,1,0,4,2,111,0,0,0,0,0,0,0.0,73.0,61.0,96.28571428571429,57.80056022137377,94.66666666666667
2014-04-22,8,77,8.61,No,23092,77.0,2,0,4,2,112,0,0,0,0,0,0,77.0,88.0,67.0,96.85714285714286,57.551219423594766,92.36666666666666
2014-04-23,10,73,9.2,No,32375,73.0,3,0,4,2,113,0,0,0,0,0,0,77.0,82.0,67.0,95.28571428571429,57.981934789248406,91.4
2014-04-24,17,96,10.56,No,28846,96.0,4,0,4,2,114,0,0,0,0,0,0,73.0,100.0,69.0,94.0,58.42373946721679,91.86666666666666
2014-04-25,19,104,7.4,No,31664,104.0,5,0,4,2,115,0,0,0,0,0,0,96.0,152.0,100.0,93.42857142857143,58.37481518273903,92.66666666666667
2014-04-26,20,160,8.44,No,39987,160.0,6,1,4,2,116,0,0,0,0,0,0,104.0,179.0,155.0,86.57142857142857,52.91142643719722,93.66666666666667
2014-04-27,13,104,8.76,No,33046,104.0,7,1,4,2,117,0,0,0,0,0,0,160.0,0.0,111.0,83.85714285714286,47.60052020523943,96.2
2014-04-28,8,64,7.26,No,28579,64.0,1,0,4,2,118,0,0,0,0,0,0,104.0,77.0,73.0,98.71428571428571,30.065008929063342,96.1
2014-04-29,8,50,8.53,No,20979,50.0,2,0,4,2,119,0,0,0,0,0,0,64.0,77.0,88.0,96.85714285714286,31.970968974098234,93.1
2014-04-30,12,68,7.17,No,27203,68.0,3,0,4,2,120,0,0,0,0,0,0,50.0,73.0,82.0,93.0,36.124783736375385,91.2
2014-05-01,13,68,9.09,No,32355,68.0,4,0,5,2,121,0,0,0,0,0,0,68.0,96.0,100.0,92.28571428571429,36.63201826141514,90.86666666666666
2014-05-02,15,95,8.66,No,27610,95.0,5,0,5,2,122,0,0,0,0,0,0,68.0,104.0,152.0,88.28571428571429,37.67277657988567,91.1
2014-05-03,12,139,9.12,No,35397,139.0,6,1,5,2,123,0,0,0,0,0,0,95.0,160.0,179.0,87.0,37.19767017793658,91.9
2014-05-04,13,99,11.02,No,28691,99.0,7,1,5,2,124,0,0,0,0,0,0,139.0,104.0,0.0,84.0,30.58866892603452,94.3
2014-05-05,7,53,9.55,No,24988,53.0,1,0,5,2,125,0,0,0,0,0,0,99.0,64.0,77.0,83.28571428571429,30.098251808114107,94.73333333333333
2014-05-06,7,52,10.99,No,24333,52.0,2,0,5,2,126,0,0,0,0,0,0,53.0,50.0,77.0,81.71428571428571,31.526255120211196,91.6
2014-05-07,8,56,10.43,No,31478,56.0,3,0,5,2,127,0,0,0,0,0,0,52.0,68.0,73.0,82.0,31.198290551458335,89.43333333333334
2014-05-08,12,70,7.22,No,26659,70.0,4,0,5,2,128,0,0,0,0,0,0,56.0,68.0,96.0,80.28571428571429,32.402233902998745,89.26666666666667
2014-05-09,17,93,14.27,No,30153,93.0,5,0,5,2,129,0,0,0,0,0,0,70.0,95.0,104.0,80.57142857142857,32.2844500384565,89.36666666666666
2014-05-10,16,142,13.37,No,31718,142.0,6,1,5,2,130,0,0,0,0,0,0,93.0,139.0,160.0,80.28571428571429,32.144021142943124,90.23333333333333
2014-05-11,12,117,11.88,No,29969,117.0,7,1,5,2,131,0,0,0,0,0,0,142.0,99.0,104.0,80.71428571428571,33.06415121000349,92.66666666666667
2014-05-12,13,59,11.21,No,29371,59.0,1,0,5,2,132,0,0,0,0,0,0,117.0,53.0,64.0,83.28571428571429,35.344562456451165,93.23333333333333
2014-05-13,7,62,8.45,No,26777,62.0,2,0,5,2,133,0,0,0,0,0,0,59.0,52.0,50.0,84.14285714285714,34.55154879031339,90.03333333333333
2014-05-14,10,64,12.66,No,22342,64.0,3,0,5,2,134,0,0,0,0,0,0,62.0,56.0,68.0,85.57142857142857,33.18060248024838,88.4
2014-05-15,14,82,10.46,No,22544,82.0,4,0,5,2,135,0,0,0,0,0,0,64.0,70.0,68.0,86.71428571428571,32.112896089234624,88.1
2014-05-16,14,96,10.81,No,29088,96.0,5,0,5,2,136,0,0,0,0,0,0,82.0,93.0,95.0,88.42857142857143,31.38395100927013,87.9
2014-05-17,12,138,10.65,No,34437,138.0,6,1,5,2,137,0,0,0,0,0,0,96.0,142.0,139.0,88.85714285714286,31.477126994206618,88.36666666666666
2014-05-18,15,109,10.06,No,32105,109.0,7,1,5,2,138,0,0,0,0,0,0,138.0,117.0,99.0,88.28571428571429,30.368373272830762,89.63333333333334
2014-05-19,7,72,10.31,No,26032,72.0,1,0,5,2,139,0,0,0,0,0,0,109.0,59.0,53.0,87.14285714285714,29.237125778869054,88.2
2014-05-20,7,71,7.9,No,28459,71.0,2,0,5,2,140,0,0,0,0,0,0,72.0,62.0,52.0,89.0,27.51363298439316,84.63333333333334
2014-05-21,9,80,9.22,No,32291,80.0,3,0,5,2,141,0,0,0,0,0,0,71.0,64.0,56.0,90.28571428571429,26.221583258287758,87.0
2014-05-22,16,82,9.26,No,28053,82.0,4,0,5,2,142,0,0,0,0,0,0,80.0,82.0,70.0,92.57142857142857,24.165106681996487,87.1
2014-05-23,13,106,8.31,No,30731,106.0,5,0,5,2,143,0,1,0,0,0,1,82.0,96.0,93.0,92.57142857142857,24.165106681996487,87.26666666666667
2014-05-24,50,574,9.74,Yes,58328,574.0,6,1,5,2,144,0,1,0,0,1,1,106.0,138.0,142.0,94.0,24.691429012241443,88.36666666666666
2014-05-25,45,467,10.08,Yes,49652,467.0,7,1,5,2,145,0,1,0,0,1,1,574.0,109.0,117.0,156.28571428571428,184.82668844597285,104.3
2014-05-26,29,441,12.26,Yes,60625,441.0,1,0,5,2,146,0,1,0,0,1,1,467.0,72.0,59.0,207.42857142857142,216.39613146793016,116.4
2014-05-27,14,57,12.0,No,25394,57.0,2,0,5,2,147,0,0,0,0,0,1,441.0,71.0,62.0,260.14285714285717,222.75803657139488,125.76666666666667
2014-05-28,8,75,11.22,No,29732,75.0,3,0,5,2,148,0,0,0,0,0,0,57.0,80.0,64.0,258.14285714285717,224.79281466232314,124.2
2014-05-29,12,63,11.69,No,24520,63.0,4,0,5,2,149,0,0,0,0,0,0,75.0,82.0,82.0,257.42857142857144,225.4601643623231,124.56666666666666
2014-05-30,16,80,13.76,No,25364,80.0,5,0,5,2,150,0,0,0,0,0,0,63.0,106.0,96.0,254.71428571428572,228.02391269756075,125.0
2014-05-31,16,128,8.66,No,27963,128.0,6,1,5,2,151,0,0,0,0,0,0,80.0,574.0,138.0,251.0,231.04184325211173,125.4
2014-06-01,12,95,11.66,No,28911,95.0,7,1,6,2,152,0,0,0,0,0,0,128.0,467.0,109.0,187.28571428571428,183.78675531324726,127.4
2014-06-02,15,61,8.22,No,30687,61.0,1,0,6,2,153,0,0,0,0,0,0,95.0,441.0,72.0,134.14285714285714,137.33951673550771,127.4
2014-06-03,9,73,9.69,No,25898,73.0,2,0,6,2,154,0,0,0,0,0,0,61.0,57.0,71.0,79.85714285714286,24.942791687033704,124.8
2014-06-04,11,71,11.74,No,19439,71.0,3,0,6,2,155,0,0,0,0,0,0,73.0,75.0,80.0,82.14285714285714,23.169150260840947,123.93333333333334
2014-06-05,14,69,10.58,No,26316,69.0,4,0,6,2,156,0,0,0,0,0,0,71.0,63.0,82.0,81.57142857142857,23.422618291278827,124.53333333333333
2014-06-06,17,77,12.31,No,29047,77.0,5,0,6,2,157,0,0,0,0,0,0,69.0,80.0,106.0,82.42857142857143,22.729255324778023,125.1
2014-06-07,16,118,12.42,No,23995,118.0,6,1,6,2,158,0,0,0,0,0,0,77.0,128.0,574.0,82.0,22.810816147898688,125.8
2014-06-08,14,97,9.95,No,26657,97.0,7,1,6,2,159,0,0,0,0,0,0,118.0,95.0,467.0,80.57142857142857,19.526538717489473,127.4
2014-06-09,7,61,13.05,No,25653,61.0,1,0,6,2,160,0,0,0,0,0,0,97.0,61.0,441.0,80.85714285714286,19.785757263144916,127.53333333333333
2014-06-10,9,65,12.81,No,25444,65.0,2,0,6,2,161,0,0,0,0,0,0,61.0,73.0,57.0,80.85714285714286,19.785757263144916,124.83333333333333
2014-06-11,10,71,11.34,No,21892,71.0,3,0,6,2,162,0,0,0,0,0,0,65.0,71.0,75.0,79.71428571428571,20.532204669039537,123.1
2014-06-12,14,65,11.5,No,29002,65.0,4,0,6,2,163,0,0,0,0,0,0,71.0,69.0,63.0,79.71428571428571,20.532204669039537,123.5
2014-06-13,15,89,13.38,No,29613,89.0,5,0,6,2,164,0,0,0,0,0,0,65.0,77.0,80.0,79.14285714285714,20.93186224736722,123.6
2014-06-14,14,125,11.96,No,26359,125.0,6,1,6,2,165,0,0,0,0,0,0,89.0,118.0,128.0,80.85714285714286,21.216570343548895,124.43333333333334
